{"nm":"Comp 1","mn":"","layers":[{"ty":4,"nm":"OBJECTS 16","mn":"","sr":1,"st":0,"op":250,"ip":0,"hd":false,"cl":"","ln":"","ddd":0,"bm":0,"hasMask":false,"ao":0,"ks":{"a":{"a":0,"k":[787.843,617.488,0],"ix":1},"s":{"a":1,"k":[{"o":{"x":0.333,"y":0},"i":{"x":0.667,"y":1},"s":[0,0,100],"t":29.667},{"o":{"x":0.333,"y":0},"i":{"x":0.667,"y":1},"s":[110,110,100],"t":42.167},{"o":{"x":0.333,"y":0},"i":{"x":0.667,"y":1},"s":[100,100,100],"t":48},{"o":{"x":0.333,"y":0},"i":{"x":0.667,"y":1},"s":[100,100,100],"t":104},{"o":{"x":0.333,"y":0},"i":{"x":0.667,"y":1},"s":[110,110,100],"t":109.834},{"o":{"x":0.167,"y":0.167},"i":{"x":0.833,"y":0.833},"s":[0,0,100],"t":120.6669921875}],"ix":6},"sk":{"a":0,"k":0},"p":{"a":0,"k":[787.843,617.488,0],"ix":2},"r":{"a":0,"k":0,"ix":10},"sa":{"a":0,"k":0},"o":{"a":0,"k":100,"ix":11}},"ef":[],"shapes":[{"ty":"gr","bm":0,"cl":"","ln":"","hd":false,"mn":"ADBE Vector Group","nm":"Group 1","ix":1,"cix":2,"np":2,"it":[{"ty":"sh","bm":0,"cl":"","ln":"","hd":false,"mn":"ADBE Vector Shape - Group","nm":"Path 1","ix":1,"d":1,"ks":{"a":0,"k":{"c":true,"i":[[0,0],[0,0],[0,0]],"o":[[0,0],[0,0],[0,0]],"v":[[-35.685,-11.012],[0,11.012],[35.685,-11.012]]},"ix":2}},{"ty":"fl","bm":0,"cl":"","ln":"","hd":false,"mn":"ADBE Vector Graphic - Fill","nm":"Fill 1","c":{"a":0,"k":[1,1,1,1],"ix":4},"r":1,"o":{"a":0,"k":100,"ix":5}},{"ty":"tr","a":{"a":0,"k":[0,0],"ix":1},"s":{"a":0,"k":[100,100],"ix":3},"sk":{"a":0,"k":0,"ix":4},"p":{"a":0,"k":[787.844,608.819],"ix":2},"r":{"a":0,"k":0,"ix":6},"sa":{"a":0,"k":0,"ix":5},"o":{"a":0,"k":100,"ix":7}}]},{"ty":"gr","bm":0,"cl":"","ln":"","hd":false,"mn":"ADBE Vector Group","nm":"Group 2","ix":2,"cix":2,"np":2,"it":[{"ty":"sh","bm":0,"cl":"","ln":"","hd":false,"mn":"ADBE Vector Shape - Group","nm":"Path 1","ix":1,"d":1,"ks":{"a":0,"k":{"c":true,"i":[[0,0],[0,0],[0,0],[0,0],[0,0]],"o":[[0,0],[0,0],[0,0],[0,0],[0,0]],"v":[[35.691,-17.66],[35.691,17.66],[-35.691,17.66],[-35.691,-17.66],[0,4.367]]},"ix":2}},{"ty":"fl","bm":0,"cl":"","ln":"","hd":false,"mn":"ADBE Vector Graphic - Fill","nm":"Fill 1","c":{"a":0,"k":[1,1,1,1],"ix":4},"r":1,"o":{"a":0,"k":100,"ix":5}},{"ty":"tr","a":{"a":0,"k":[0,0],"ix":1},"s":{"a":0,"k":[100,100],"ix":3},"sk":{"a":0,"k":0,"ix":4},"p":{"a":0,"k":[787.843,624.195],"ix":2},"r":{"a":0,"k":0,"ix":6},"sa":{"a":0,"k":0,"ix":5},"o":{"a":0,"k":100,"ix":7}}]},{"ty":"gr","bm":0,"cl":"","ln":"","hd":false,"mn":"ADBE Vector Group","nm":"Group 3","ix":3,"cix":2,"np":2,"it":[{"ty":"sh","bm":0,"cl":"","ln":"","hd":false,"mn":"ADBE Vector Shape - Group","nm":"Path 1","ix":1,"d":1,"ks":{"a":0,"k":{"c":true,"i":[[7.815,0],[0,0],[0,-7.815],[0,0],[-7.815,0],[0,0],[0,7.815],[0,0]],"o":[[0,0],[-7.815,0],[0,0],[0,7.815],[0,0],[7.815,0],[0,0],[0,-7.815]],"v":[[42.082,-56.233],[-42.082,-56.233],[-56.233,-42.082],[-56.233,42.082],[-42.082,56.233],[42.082,56.233],[56.233,42.082],[56.233,-42.082]]},"ix":2}},{"ty":"gf","bm":0,"cl":"","ln":"","hd":false,"mn":"ADBE Vector Graphic - G-Fill","nm":"Gradient Fill 1","e":{"a":0,"k":[-64.948,-65.173],"ix":6},"g":{"p":3,"k":{"a":0,"k":[0,0.011764705882352941,0.7294117647058823,0.9764705882352941,0.5,0.4117647058823529,0.5647058823529412,0.9764705882352941,1,0.807843137254902,0.4,0.9764705882352941,3],"ix":9}},"t":1,"a":{"a":0,"k":0},"h":{"a":0,"k":0},"s":{"a":0,"k":[142.736,142.512],"ix":5},"r":1,"o":{"a":0,"k":100,"ix":10}},{"ty":"tr","a":{"a":0,"k":[0,0],"ix":1},"s":{"a":0,"k":[100,100],"ix":3},"sk":{"a":0,"k":0,"ix":4},"p":{"a":0,"k":[787.843,617.488],"ix":2},"r":{"a":0,"k":0,"ix":6},"sa":{"a":0,"k":0,"ix":5},"o":{"a":0,"k":100,"ix":7}}]}],"ind":1},{"ty":4,"nm":"OBJECTS 15","mn":"","sr":1,"st":0,"op":250,"ip":0,"hd":false,"cl":"","ln":"","ddd":0,"bm":0,"hasMask":false,"ao":0,"ks":{"a":{"a":0,"k":[787.843,470.344,0],"ix":1},"s":{"a":1,"k":[{"o":{"x":0.333,"y":0},"i":{"x":0.667,"y":1},"s":[0,0,100],"t":21},{"o":{"x":0.333,"y":0},"i":{"x":0.667,"y":1},"s":[110,110,100],"t":33.5},{"o":{"x":0.333,"y":0},"i":{"x":0.667,"y":1},"s":[100,100,100],"t":39.333},{"o":{"x":0.333,"y":0},"i":{"x":0.667,"y":1},"s":[100,100,100],"t":101.333},{"o":{"x":0.333,"y":0},"i":{"x":0.667,"y":1},"s":[110,110,100],"t":107.167},{"o":{"x":0.167,"y":0.167},"i":{"x":0.833,"y":0.833},"s":[0,0,100],"t":118}],"ix":6},"sk":{"a":0,"k":0},"p":{"a":0,"k":[787.843,470.344,0],"ix":2},"r":{"a":0,"k":0,"ix":10},"sa":{"a":0,"k":0},"o":{"a":0,"k":100,"ix":11}},"ef":[],"shapes":[{"ty":"gr","bm":0,"cl":"","ln":"","hd":false,"mn":"ADBE Vector Group","nm":"Group 1","ix":1,"cix":2,"np":2,"it":[{"ty":"sh","bm":0,"cl":"","ln":"","hd":false,"mn":"ADBE Vector Shape - Group","nm":"Path 1","ix":1,"d":1,"ks":{"a":0,"k":{"c":true,"i":[[2.366,0],[0,0],[0,-2.366],[0,0],[-2.366,0],[0,0],[0,2.366],[0,0]],"o":[[0,0],[-2.366,0],[0,0],[0,2.366],[0,0],[2.366,0],[0,0],[0,-2.366]],"v":[[36.401,-4.302],[-36.401,-4.302],[-40.703,0],[-40.703,0],[-36.401,4.302],[36.401,4.302],[40.703,0],[40.703,0]]},"ix":2}},{"ty":"fl","bm":0,"cl":"","ln":"","hd":false,"mn":"ADBE Vector Graphic - Fill","nm":"Fill 1","c":{"a":0,"k":[0.0196,0.2118,0.4863,1],"ix":4},"r":1,"o":{"a":0,"k":100,"ix":5}},{"ty":"tr","a":{"a":0,"k":[0,0],"ix":1},"s":{"a":0,"k":[100,100],"ix":3},"sk":{"a":0,"k":0,"ix":4},"p":{"a":0,"k":[787.843,520.534],"ix":2},"r":{"a":0,"k":0,"ix":6},"sa":{"a":0,"k":0,"ix":5},"o":{"a":0,"k":21,"ix":7}}]},{"ty":"gr","bm":0,"cl":"","ln":"","hd":false,"mn":"ADBE Vector Group","nm":"Group 2","ix":2,"cix":2,"np":2,"it":[{"ty":"sh","bm":0,"cl":"","ln":"","hd":false,"mn":"ADBE Vector Shape - Group","nm":"Path 1","ix":1,"d":1,"ks":{"a":0,"k":{"c":true,"i":[[4.329,3.462],[6.761,1.807],[1.06,0],[0,0],[1.024,-0.273],[3.488,-2.789],[0,-5.544],[0,0],[0,0],[0,0]],"o":[[-3.488,-2.789],[-1.024,-0.273],[0,0],[-1.06,0],[-6.761,1.807],[-4.329,3.462],[0,0],[0,0],[0,0],[0,-5.544]],"v":[[26.274,-8.479],[11.038,-15.99],[7.878,-16.379],[-7.878,-16.379],[-11.038,-15.99],[-26.274,-8.479],[-33.096,5.783],[-33.096,16.379],[33.096,16.379],[33.096,5.783]]},"ix":2}},{"ty":"gf","bm":0,"cl":"","ln":"","hd":false,"mn":"ADBE Vector Graphic - G-Fill","nm":"Gradient Fill 1","e":{"a":0,"k":[-70.254,-62.728],"ix":6},"g":{"p":3,"k":{"a":0,"k":[0,0.011764705882352941,0.7294117647058823,0.9764705882352941,0.5,0.4117647058823529,0.5647058823529412,0.9764705882352941,1,0.807843137254902,0.4,0.9764705882352941,3],"ix":9}},"t":1,"a":{"a":0,"k":0},"h":{"a":0,"k":0},"s":{"a":0,"k":[93.536,101.062],"ix":5},"r":1,"o":{"a":0,"k":100,"ix":10}},{"ty":"tr","a":{"a":0,"k":[0,0],"ix":1},"s":{"a":0,"k":[100,100],"ix":3},"sk":{"a":0,"k":0,"ix":4},"p":{"a":0,"k":[787.043,480.938],"ix":2},"r":{"a":0,"k":0,"ix":6},"sa":{"a":0,"k":0,"ix":5},"o":{"a":0,"k":100,"ix":7}}]},{"ty":"gr","bm":0,"cl":"","ln":"","hd":false,"mn":"ADBE Vector Group","nm":"Group 3","ix":3,"cix":2,"np":2,"it":[{"ty":"sh","bm":0,"cl":"","ln":"","hd":false,"mn":"ADBE Vector Shape - Group","nm":"Path 1","ix":1,"d":1,"ks":{"a":0,"k":{"c":true,"i":[[0,-10.155],[10.155,0],[0,10.155],[-10.155,0]],"o":[[0,10.155],[-10.155,0],[0,-10.155],[10.155,0]],"v":[[18.387,0],[0,18.387],[-18.387,0],[0,-18.387]]},"ix":2}},{"ty":"gf","bm":0,"cl":"","ln":"","hd":false,"mn":"ADBE Vector Graphic - G-Fill","nm":"Gradient Fill 1","e":{"a":0,"k":[-45.254,-44.78],"ix":6},"g":{"p":3,"k":{"a":0,"k":[0,0.011764705882352941,0.7294117647058823,0.9764705882352941,0.5,0.4117647058823529,0.5647058823529412,0.9764705882352941,1,0.807843137254902,0.4,0.9764705882352941,3],"ix":9}},"t":1,"a":{"a":0,"k":0},"h":{"a":0,"k":0},"s":{"a":0,"k":[118.536,119.01],"ix":5},"r":1,"o":{"a":0,"k":100,"ix":10}},{"ty":"tr","a":{"a":0,"k":[0,0],"ix":1},"s":{"a":0,"k":[100,100],"ix":3},"sk":{"a":0,"k":0,"ix":4},"p":{"a":0,"k":[787.043,437.99],"ix":2},"r":{"a":0,"k":0,"ix":6},"sa":{"a":0,"k":0,"ix":5},"o":{"a":0,"k":100,"ix":7}}]},{"ty":"gr","bm":0,"cl":"","ln":"","hd":false,"mn":"ADBE Vector Group","nm":"Group 4","ix":4,"cix":2,"np":2,"it":[{"ty":"sh","bm":0,"cl":"","ln":"","hd":false,"mn":"ADBE Vector Shape - Group","nm":"Path 1","ix":1,"d":1,"ks":{"a":0,"k":{"c":true,"i":[[9.444,0],[0,0],[0,-9.444],[0,0],[-9.444,0],[0,0],[0,9.444],[0,0]],"o":[[0,0],[-9.444,0],[0,0],[0,9.444],[0,0],[9.444,0],[0,0],[0,-9.444]],"v":[[50.85,-67.949],[-50.849,-67.949],[-67.949,-50.849],[-67.949,50.849],[-50.849,67.949],[50.85,67.949],[67.949,50.849],[67.949,-50.849]]},"ix":2}},{"ty":"fl","bm":0,"cl":"","ln":"","hd":false,"mn":"ADBE Vector Graphic - Fill","nm":"Fill 1","c":{"a":0,"k":[1,1,1,1],"ix":4},"r":1,"o":{"a":0,"k":100,"ix":5}},{"ty":"tr","a":{"a":0,"k":[0,0],"ix":1},"s":{"a":0,"k":[100,100],"ix":3},"sk":{"a":0,"k":0,"ix":4},"p":{"a":0,"k":[787.843,470.344],"ix":2},"r":{"a":0,"k":0,"ix":6},"sa":{"a":0,"k":0,"ix":5},"o":{"a":0,"k":100,"ix":7}}]}],"ind":2},{"ty":0,"nm":"Pre-comp 1","mn":"","sr":1,"st":0,"op":250,"ip":0,"hd":false,"cl":"","ln":"","ddd":0,"bm":0,"hasMask":false,"ao":0,"ks":{"a":{"a":0,"k":[500,500,0],"ix":1},"s":{"a":0,"k":[100,100,100],"ix":6},"sk":{"a":0,"k":0},"p":{"a":0,"k":[500,500,0],"ix":2},"r":{"a":0,"k":0,"ix":10},"sa":{"a":0,"k":0},"o":{"a":0,"k":100,"ix":11}},"ef":[],"w":1000,"h":1000,"refId":"comp_0","ind":3},{"ty":4,"nm":"OBJECTS 13","mn":"","sr":1,"st":0,"op":250,"ip":0,"hd":false,"cl":"","ln":"","ddd":0,"bm":0,"hasMask":false,"ao":0,"ks":{"a":{"a":0,"k":[174.138,298.597,0],"ix":1},"s":{"a":1,"k":[{"o":{"x":0.333,"y":0},"i":{"x":0.667,"y":1},"s":[0,0,100],"t":15},{"o":{"x":0.333,"y":0},"i":{"x":0.667,"y":1},"s":[110,110,100],"t":27.5},{"o":{"x":0.333,"y":0},"i":{"x":0.667,"y":1},"s":[100,100,100],"t":33.333},{"o":{"x":0.333,"y":0},"i":{"x":0.667,"y":1},"s":[100,100,100],"t":104},{"o":{"x":0.333,"y":0},"i":{"x":0.667,"y":1},"s":[110,110,100],"t":109.834},{"o":{"x":0.167,"y":0.167},"i":{"x":0.833,"y":0.833},"s":[0,0,100],"t":120.6669921875}],"ix":6},"sk":{"a":0,"k":0},"p":{"a":0,"k":[174.138,298.597,0],"ix":2},"r":{"a":1,"k":[{"o":{"x":0.167,"y":0.167},"i":{"x":0.833,"y":0.833},"s":[0],"t":15},{"o":{"x":0.167,"y":0.167},"i":{"x":0.833,"y":0.833},"s":[1080],"t":121}],"ix":10},"sa":{"a":0,"k":0},"o":{"a":0,"k":100,"ix":11}},"ef":[],"shapes":[{"ty":"gr","bm":0,"cl":"","ln":"","hd":false,"mn":"ADBE Vector Group","nm":"Group 1","ix":1,"cix":2,"np":2,"it":[{"ty":"sh","bm":0,"cl":"","ln":"","hd":false,"mn":"ADBE Vector Shape - Group","nm":"Path 1","ix":1,"d":1,"ks":{"a":0,"k":{"c":true,"i":[[3.088,6.389],[0,0],[0,0],[2.414,19.967]],"o":[[0,0],[0,0],[12.61,-13.735],[-0.899,-7.442]],"v":[[26.495,-36.752],[-33.071,-8.114],[15.633,36.752],[32.587,-15.915]]},"ix":2}},{"ty":"gf","bm":0,"cl":"","ln":"","hd":false,"mn":"ADBE Vector Graphic - G-Fill","nm":"Gradient Fill 1","e":{"a":0,"k":[3.51,-49.685],"ix":6},"g":{"p":3,"k":{"a":0,"k":[0,0.011764705882352941,0.7294117647058823,0.9764705882352941,0.5,0.4117647058823529,0.5647058823529412,0.9764705882352941,1,0.807843137254902,0.4,0.9764705882352941,3],"ix":9}},"t":1,"a":{"a":0,"k":0},"h":{"a":0,"k":0},"s":{"a":0,"k":[90.637,54.945],"ix":5},"r":1,"o":{"a":0,"k":100,"ix":10}},{"ty":"tr","a":{"a":0,"k":[0,0],"ix":1},"s":{"a":0,"k":[100,100],"ix":3},"sk":{"a":0,"k":0,"ix":4},"p":{"a":0,"k":[207.193,306.578],"ix":2},"r":{"a":0,"k":0,"ix":6},"sa":{"a":0,"k":0,"ix":5},"o":{"a":0,"k":100,"ix":7}}]},{"ty":"gr","bm":0,"cl":"","ln":"","hd":false,"mn":"ADBE Vector Group","nm":"Group 2","ix":2,"cix":2,"np":2,"it":[{"ty":"sh","bm":0,"cl":"","ln":"","hd":false,"mn":"ADBE Vector Shape - Group","nm":"Path 1","ix":1,"d":1,"ks":{"a":0,"k":{"c":true,"i":[[0,0],[28.809,-3.482],[0,0]],"o":[[-11.956,-24.752],[0,0],[0,0]],"v":[[33.742,4.359],[-33.742,-32.512],[-25.824,32.996]]},"ix":2}},{"ty":"fl","bm":0,"cl":"","ln":"","hd":false,"mn":"ADBE Vector Graphic - Fill","nm":"Fill 1","c":{"a":0,"k":[1,1,1,1],"ix":4},"r":1,"o":{"a":0,"k":100,"ix":5}},{"ty":"tr","a":{"a":0,"k":[0,0],"ix":1},"s":{"a":0,"k":[100,100],"ix":3},"sk":{"a":0,"k":0,"ix":4},"p":{"a":0,"k":[199.946,265.467],"ix":2},"r":{"a":0,"k":0,"ix":6},"sa":{"a":0,"k":0,"ix":5},"o":{"a":0,"k":100,"ix":7}}]},{"ty":"gr","bm":0,"cl":"","ln":"","hd":false,"mn":"ADBE Vector Group","nm":"Group 3","ix":3,"cix":2,"np":2,"it":[{"ty":"sh","bm":0,"cl":"","ln":"","hd":false,"mn":"ADBE Vector Shape - Group","nm":"Path 1","ix":1,"d":1,"ks":{"a":0,"k":{"c":true,"i":[[0,0],[-4.382,-36.251],[-36.258,4.382],[-10.287,11.21],[0,0]],"o":[[-36.258,4.383],[4.382,36.251],[16.284,-1.969],[0,0],[0,0]],"v":[[0.785,-65.884],[-56.922,7.692],[16.654,65.399],[57.407,44.491],[8.703,-0.375]]},"ix":2}},{"ty":"gf","bm":0,"cl":"","ln":"","hd":false,"mn":"ADBE Vector Graphic - G-Fill","nm":"Gradient Fill 1","e":{"a":0,"k":[35.446,-55.905],"ix":6},"g":{"p":3,"k":{"a":0,"k":[0,0.15294117647058825,0.5568627450980392,0.9568627450980393,0.456,0.2196078431372549,0.6784313725490196,0.9607843137254902,0.912,0.28627450980392155,0.8,0.9647058823529412,3],"ix":9}},"t":1,"a":{"a":0,"k":0},"h":{"a":0,"k":0},"s":{"a":0,"k":[-47.357,98.558],"ix":5},"r":1,"o":{"a":0,"k":100,"ix":10}},{"ty":"tr","a":{"a":0,"k":[0,0],"ix":1},"s":{"a":0,"k":[100,100],"ix":3},"sk":{"a":0,"k":0,"ix":4},"p":{"a":0,"k":[165.419,298.839],"ix":2},"r":{"a":0,"k":0,"ix":6},"sa":{"a":0,"k":0,"ix":5},"o":{"a":0,"k":100,"ix":7}}]}],"ind":4},{"ty":4,"nm":"OBJECTS 12","mn":"","sr":1,"st":0,"op":250,"ip":0,"hd":false,"cl":"","ln":"","ddd":0,"bm":0,"hasMask":false,"ao":0,"ks":{"a":{"a":0,"k":[-289.122,-21.237,0],"ix":1},"s":{"a":1,"k":[{"o":{"x":0.333,"y":0},"i":{"x":0.667,"y":1},"s":[0,0,100],"t":5.667},{"o":{"x":0.333,"y":0},"i":{"x":0.667,"y":1},"s":[110,110,100],"t":18.167},{"o":{"x":0.333,"y":0},"i":{"x":0.667,"y":1},"s":[100,100,100],"t":24},{"o":{"x":0.333,"y":0},"i":{"x":0.667,"y":1},"s":[100,100,100],"t":98.333},{"o":{"x":0.333,"y":0},"i":{"x":0.667,"y":1},"s":[110,110,100],"t":104.167},{"o":{"x":0.167,"y":0.167},"i":{"x":0.833,"y":0.833},"s":[0,0,100],"t":115}],"ix":6},"sk":{"a":0,"k":0},"p":{"a":0,"k":[210.878,478.763,0],"ix":2},"r":{"a":1,"k":[{"o":{"x":0.167,"y":0.167},"i":{"x":0.833,"y":0.833},"s":[0],"t":0},{"o":{"x":0.167,"y":0.167},"i":{"x":0.833,"y":0.833},"s":[-1080],"t":121}],"ix":10},"sa":{"a":0,"k":0},"o":{"a":0,"k":100,"ix":11}},"ef":[],"shapes":[{"ty":"gr","bm":0,"cl":"","ln":"","hd":false,"mn":"ADBE Vector Group","nm":"Group 1","ix":1,"cix":2,"np":3,"it":[{"ty":"sh","bm":0,"cl":"","ln":"","hd":false,"mn":"ADBE Vector Shape - Group","nm":"Path 1","ix":1,"d":1,"ks":{"a":0,"k":{"c":true,"i":[[9.434,0],[0,9.434],[-9.434,0],[0,-9.434]],"o":[[-9.434,0],[0,-9.434],[9.434,0],[0,9.434]],"v":[[-289.122,-3.784],[-306.204,-20.865],[-289.122,-37.947],[-272.041,-20.865]]},"ix":2}},{"ty":"sh","bm":0,"cl":"","ln":"","hd":false,"mn":"ADBE Vector Shape - Group","nm":"Path 2","ix":2,"d":1,"ks":{"a":0,"k":{"c":true,"i":[[0,0],[0,0],[0,0],[1.469,2.402],[0,0],[0,0],[0,0],[2.72,0.686],[0,0],[0,0],[0,0],[2.361,-1.382],[0,0],[0,0],[0,0],[0.737,-2.79],[0,0],[0,0],[0,0],[-1.484,-2.516],[0,0],[0,0],[0,0],[-2.994,-0.739],[0,0],[0,0],[0,0],[-2.556,1.575],[0,0],[0,0],[0,0],[-0.688,2.923]],"o":[[0,0],[0,0],[-0.737,-2.79],[0,0],[0,0],[0,0],[-2.361,-1.382],[0,0],[0,0],[0,0],[-2.72,0.686],[0,0],[0,0],[0,0],[-1.469,2.402],[0,0],[0,0],[0,0],[0.688,2.923],[0,0],[0,0],[0,0],[2.556,1.575],[0,0],[0,0],[0,0],[2.994,-0.739],[0,0],[0,0],[0,0],[1.484,-2.516],[0,0]],"v":[[-250.318,-15.885],[-250.318,-26.588],[-260.582,-28.425],[-263.921,-36.245],[-257.899,-44.892],[-265.467,-52.46],[-274.234,-46.354],[-281.883,-49.489],[-283.771,-60.041],[-294.474,-60.041],[-296.362,-49.489],[-304.01,-46.354],[-312.777,-52.46],[-320.345,-44.892],[-314.324,-36.245],[-317.662,-28.425],[-327.927,-26.588],[-327.927,-15.885],[-317.852,-14.082],[-314.56,-5.889],[-320.345,2.418],[-312.777,9.987],[-304.586,4.282],[-296.223,7.79],[-294.474,17.568],[-283.771,17.568],[-282.021,7.79],[-273.658,4.282],[-265.467,9.987],[-257.899,2.418],[-263.684,-5.889],[-260.393,-14.082]]},"ix":2}},{"ty":"gf","bm":0,"cl":"","ln":"","hd":false,"mn":"ADBE Vector Graphic - G-Fill","nm":"Gradient Fill 1","e":{"a":0,"k":[-341.531,-73.11],"ix":6},"g":{"p":3,"k":{"a":0,"k":[0,0.807843137254902,0.4,0.9764705882352941,0.5,0.4117647058823529,0.5647058823529412,0.9764705882352941,1,0.011764705882352941,0.7294117647058823,0.9764705882352941,3],"ix":9}},"t":1,"a":{"a":0,"k":0},"h":{"a":0,"k":0},"s":{"a":0,"k":[-268.421,0],"ix":5},"r":1,"o":{"a":0,"k":100,"ix":10}},{"ty":"tr","a":{"a":0,"k":[0,0],"ix":1},"s":{"a":0,"k":[100,100],"ix":3},"sk":{"a":0,"k":0,"ix":4},"p":{"a":0,"k":[0,0],"ix":2},"r":{"a":0,"k":0,"ix":6},"sa":{"a":0,"k":0,"ix":5},"o":{"a":0,"k":100,"ix":7}}]}],"ind":5},{"ty":4,"nm":"OBJECTS 11","mn":"","sr":1,"st":0,"op":250,"ip":0,"hd":false,"cl":"","ln":"","ddd":0,"bm":0,"hasMask":false,"ao":0,"ks":{"a":{"a":0,"k":[-351.432,73.656,0],"ix":1},"s":{"a":1,"k":[{"o":{"x":0.333,"y":0},"i":{"x":0.667,"y":1},"s":[0,0,100],"t":12},{"o":{"x":0.333,"y":0},"i":{"x":0.667,"y":1},"s":[110,110,100],"t":24.5},{"o":{"x":0.333,"y":0},"i":{"x":0.667,"y":1},"s":[100,100,100],"t":30.333},{"o":{"x":0.333,"y":0},"i":{"x":0.667,"y":1},"s":[100,100,100],"t":104},{"o":{"x":0.333,"y":0},"i":{"x":0.667,"y":1},"s":[110,110,100],"t":109.834},{"o":{"x":0.167,"y":0.167},"i":{"x":0.833,"y":0.833},"s":[0,0,100],"t":120.6669921875}],"ix":6},"sk":{"a":0,"k":0},"p":{"a":0,"k":[148.568,573.656,0],"ix":2},"r":{"a":1,"k":[{"o":{"x":0.167,"y":0.167},"i":{"x":0.833,"y":0.833},"s":[0],"t":0},{"o":{"x":0.167,"y":0.167},"i":{"x":0.833,"y":0.833},"s":[1080],"t":121}],"ix":10},"sa":{"a":0,"k":0},"o":{"a":0,"k":100,"ix":11}},"ef":[],"shapes":[{"ty":"gr","bm":0,"cl":"","ln":"","hd":false,"mn":"ADBE Vector Group","nm":"Group 1","ix":1,"cix":2,"np":3,"it":[{"ty":"sh","bm":0,"cl":"","ln":"","hd":false,"mn":"ADBE Vector Shape - Group","nm":"Path 1","ix":1,"d":1,"ks":{"a":0,"k":{"c":true,"i":[[14.916,0],[0,14.916],[-14.916,0],[0,-14.916]],"o":[[-14.916,0],[0,-14.916],[14.916,0],[0,14.916]],"v":[[-351.432,101.252],[-378.44,74.243],[-351.432,47.235],[-324.423,74.243]]},"ix":2}},{"ty":"sh","bm":0,"cl":"","ln":"","hd":false,"mn":"ADBE Vector Shape - Group","nm":"Path 2","ix":2,"d":1,"ks":{"a":0,"k":{"c":true,"i":[[0,0],[0,0],[0,0],[2.323,3.797],[0,0],[0,0],[0,0],[4.301,1.084],[0,0],[0,0],[0,0],[3.733,-2.185],[0,0],[0,0],[0,0],[1.165,-4.411],[0,0],[0,0],[0,0],[-2.347,-3.978],[0,0],[0,0],[0,0],[-4.733,-1.169],[0,0],[0,0],[0,0],[-4.041,2.49],[0,0],[0,0],[0,0],[-1.087,4.621]],"o":[[0,0],[0,0],[-1.165,-4.411],[0,0],[0,0],[0,0],[-3.733,-2.185],[0,0],[0,0],[0,0],[-4.301,1.084],[0,0],[0,0],[0,0],[-2.323,3.797],[0,0],[0,0],[0,0],[1.087,4.621],[0,0],[0,0],[0,0],[4.041,2.49],[0,0],[0,0],[0,0],[4.734,-1.169],[0,0],[0,0],[0,0],[2.347,-3.978],[0,0]],"v":[[-290.075,82.118],[-290.075,65.194],[-306.305,62.291],[-311.584,49.926],[-302.062,36.254],[-314.029,24.287],[-327.891,33.942],[-339.984,28.985],[-342.97,12.3],[-359.893,12.3],[-362.879,28.985],[-374.972,33.942],[-388.834,24.287],[-400.801,36.254],[-391.279,49.926],[-396.558,62.291],[-412.788,65.194],[-412.788,82.118],[-396.857,84.969],[-391.653,97.924],[-400.801,111.059],[-388.834,123.026],[-375.883,114.005],[-362.66,119.553],[-359.893,135.013],[-342.97,135.013],[-340.203,119.553],[-326.98,114.005],[-314.029,123.026],[-302.062,111.059],[-311.21,97.924],[-306.006,84.969]]},"ix":2}},{"ty":"gf","bm":0,"cl":"","ln":"","hd":false,"mn":"ADBE Vector Graphic - G-Fill","nm":"Gradient Fill 1","e":{"a":0,"k":[-389.848,35.573],"ix":6},"g":{"p":3,"k":{"a":0,"k":[0,0.15294117647058825,0.5568627450980392,0.9568627450980393,0.456,0.2196078431372549,0.6784313725490196,0.9607843137254902,0.912,0.28627450980392155,0.8,0.9647058823529412,3],"ix":9}},"t":1,"a":{"a":0,"k":0},"h":{"a":0,"k":0},"s":{"a":0,"k":[-297.421,128],"ix":5},"r":1,"o":{"a":0,"k":100,"ix":10}},{"ty":"tr","a":{"a":0,"k":[0,0],"ix":1},"s":{"a":0,"k":[100,100],"ix":3},"sk":{"a":0,"k":0,"ix":4},"p":{"a":0,"k":[0,0],"ix":2},"r":{"a":0,"k":0,"ix":6},"sa":{"a":0,"k":0,"ix":5},"o":{"a":0,"k":100,"ix":7}}]}],"ind":6},{"ty":4,"nm":"OBJECTS 10","mn":"","sr":1,"st":0,"op":250,"ip":0,"hd":false,"cl":"","ln":"","ddd":0,"bm":0,"hasMask":false,"ao":0,"ks":{"a":{"a":0,"k":[411.885,613.88,0],"ix":1},"s":{"a":1,"k":[{"o":{"x":0.333,"y":0},"i":{"x":0.667,"y":1},"s":[0,0,100],"t":15},{"o":{"x":0.333,"y":0},"i":{"x":0.667,"y":1},"s":[110,110,100],"t":27.5},{"o":{"x":0.167,"y":0.167},"i":{"x":0.833,"y":0.833},"s":[100,100,100],"t":33.3330078125}],"ix":6},"sk":{"a":0,"k":0},"p":{"a":0,"k":[411.885,613.88,0],"ix":2},"r":{"a":0,"k":0,"ix":10},"sa":{"a":0,"k":0},"o":{"a":0,"k":100,"ix":11}},"ef":[],"shapes":[{"ty":"gr","bm":0,"cl":"","ln":"","hd":false,"mn":"ADBE Vector Group","nm":"Group 1","ix":1,"cix":2,"np":2,"it":[{"ty":"sh","bm":0,"cl":"","ln":"","hd":false,"mn":"ADBE Vector Shape - Group","nm":"Path 1","ix":1,"d":1,"ks":{"a":0,"k":{"c":true,"i":[[0,0],[-5.006,-5.284],[-8.625,0],[-4.85,1.822],[-10.524,0],[-5.062,-4.121],[-8.141,-0.265],[0,0],[0,0],[0,0],[0,0]],"o":[[10.923,0.196],[4.859,5.13],[9.393,0],[5.155,-1.937],[11.057,0],[4.69,3.818],[0,0],[0,0],[0,0],[0,0],[0,0]],"v":[[-58.947,-27.421],[-37.345,-15.976],[-19.664,-6.414],[-0.84,-9.957],[20.17,-13.896],[42.027,-5.105],[58.947,2.287],[58.947,8.164],[58.947,27.421],[-58.947,27.421],[-58.947,-21.543]]},"ix":2}},{"ty":"gf","bm":0,"cl":"","ln":"","hd":false,"mn":"ADBE Vector Graphic - G-Fill","nm":"Gradient Fill 1","e":{"a":0,"k":[-181.597,96.371],"ix":6},"g":{"p":3,"k":{"a":0,"k":[0,0.011764705882352941,0.7294117647058823,0.9764705882352941,0.5,0.4117647058823529,0.5647058823529412,0.9764705882352941,1,0.807843137254902,0.4,0.9764705882352941,3],"ix":9}},"t":1,"a":{"a":0,"k":0},"h":{"a":0,"k":0},"s":{"a":0,"k":[-181.597,39.153],"ix":5},"r":1,"o":{"a":0,"k":100,"ix":10}},{"ty":"tr","a":{"a":0,"k":[0,0],"ix":1},"s":{"a":0,"k":[100,100],"ix":3},"sk":{"a":0,"k":0,"ix":4},"p":{"a":0,"k":[410.982,621.847],"ix":2},"r":{"a":0,"k":0,"ix":6},"sa":{"a":0,"k":0,"ix":5},"o":{"a":0,"k":100,"ix":7}}]},{"ty":"gr","bm":0,"cl":"","ln":"","hd":false,"mn":"ADBE Vector Group","nm":"Group 2","ix":2,"cix":2,"np":2,"it":[{"ty":"sh","bm":0,"cl":"","ln":"","hd":false,"mn":"ADBE Vector Shape - Group","nm":"Path 1","ix":1,"d":1,"ks":{"a":0,"k":{"c":true,"i":[[0,0],[0,0],[0,0],[0,0]],"o":[[0,0],[0,0],[0,0],[0,0]],"v":[[70.215,-44.31],[-70.215,-44.31],[-70.215,44.31],[70.215,44.31]]},"ix":2}},{"ty":"fl","bm":0,"cl":"","ln":"","hd":false,"mn":"ADBE Vector Graphic - Fill","nm":"Fill 1","c":{"a":0,"k":[0.0196,0.2118,0.4863,1],"ix":4},"r":1,"o":{"a":0,"k":100,"ix":5}},{"ty":"tr","a":{"a":0,"k":[0,0],"ix":1},"s":{"a":0,"k":[100,100],"ix":3},"sk":{"a":0,"k":0,"ix":4},"p":{"a":0,"k":[411.885,613.88],"ix":2},"r":{"a":0,"k":0,"ix":6},"sa":{"a":0,"k":0,"ix":5},"o":{"a":0,"k":13,"ix":7}}]}],"ind":7,"parent":12},{"ty":0,"nm":"Pre-comp 2","mn":"","sr":1,"st":0,"op":250,"ip":0,"hd":false,"cl":"","ln":"","ddd":0,"bm":0,"hasMask":false,"ao":0,"ks":{"a":{"a":0,"k":[500,500,0],"ix":1},"s":{"a":0,"k":[100,100,100],"ix":6},"sk":{"a":0,"k":0},"p":{"a":0,"k":[500,500,0],"ix":2},"r":{"a":0,"k":0,"ix":10},"sa":{"a":0,"k":0},"o":{"a":0,"k":100,"ix":11}},"ef":[],"w":1000,"h":1000,"refId":"comp_1","ind":8,"parent":12},{"ty":4,"nm":"Group 1 :M","mn":"","sr":1,"st":0,"op":250,"ip":0,"hd":false,"cl":"","ln":"","ddd":0,"bm":0,"hasMask":false,"ao":0,"ks":{"a":{"a":0,"k":[585.605,465.725,0],"ix":1},"s":{"a":0,"k":[100,100,100],"ix":6},"sk":{"a":0,"k":0},"p":{"a":0,"k":[585.605,465.725,0],"ix":2},"r":{"a":0,"k":0,"ix":10},"sa":{"a":0,"k":0},"o":{"a":0,"k":100,"ix":11}},"ef":[],"shapes":[{"ty":"gr","bm":0,"cl":"","ln":"","hd":false,"mn":"ADBE Vector Group","nm":"Group 1","ix":1,"cix":2,"np":1,"it":[{"ty":"gr","bm":0,"cl":"","ln":"","hd":false,"mn":"ADBE Vector Group","nm":"Group 1","ix":1,"cix":2,"np":2,"it":[{"ty":"sh","bm":0,"cl":"","ln":"","hd":false,"mn":"ADBE Vector Shape - Group","nm":"Path 1","ix":1,"d":1,"ks":{"a":0,"k":{"c":true,"i":[[2.995,0],[0,0],[0,-2.995],[0,0],[-2.995,0],[0,0],[0,2.995],[0,0]],"o":[[0,0],[-2.995,0],[0,0],[0,2.995],[0,0],[2.995,0],[0,0],[0,-2.995]],"v":[[33.783,-5.446],[-33.783,-5.446],[-39.228,0],[-39.228,0],[-33.783,5.446],[33.783,5.446],[39.228,0],[39.228,0]]},"ix":2}},{"ty":"fl","bm":0,"cl":"","ln":"","hd":false,"mn":"ADBE Vector Graphic - Fill","nm":"Fill 1","c":{"a":0,"k":[0.0196,0.2118,0.4863,1],"ix":4},"r":1,"o":{"a":0,"k":100,"ix":5}},{"ty":"tr","a":{"a":0,"k":[0,0],"ix":1},"s":{"a":0,"k":[100,100],"ix":3},"sk":{"a":0,"k":0,"ix":4},"p":{"a":0,"k":[547.688,511.306],"ix":2},"r":{"a":0,"k":0,"ix":6},"sa":{"a":0,"k":0,"ix":5},"o":{"a":0,"k":100,"ix":7}}]},{"ty":"tr","a":{"a":0,"k":[508.459,511.306],"ix":1},"s":{"a":1,"k":[{"o":{"x":0.33,"y":0},"i":{"x":0.25,"y":1},"s":[0,100],"t":31},{"o":{"x":0.167,"y":0.167},"i":{"x":0.833,"y":0.833},"s":[100,100],"t":43.5}],"ix":3},"sk":{"a":0,"k":0,"ix":4},"p":{"a":0,"k":[508.459,511.306],"ix":2},"r":{"a":0,"k":0,"ix":6},"sa":{"a":0,"k":0,"ix":5},"o":{"a":0,"k":20,"ix":7}}]},{"ty":"gr","bm":0,"cl":"","ln":"","hd":false,"mn":"ADBE Vector Group","nm":"Group 2","ix":2,"cix":2,"np":1,"it":[{"ty":"gr","bm":0,"cl":"","ln":"","hd":false,"mn":"ADBE Vector Group","nm":"Group 2","ix":1,"cix":2,"np":2,"it":[{"ty":"sh","bm":0,"cl":"","ln":"","hd":false,"mn":"ADBE Vector Shape - Group","nm":"Path 1","ix":1,"d":1,"ks":{"a":0,"k":{"c":true,"i":[[2.995,0],[0,0],[0,-2.995],[0,0],[-2.995,0],[0,0],[0,2.995],[0,0]],"o":[[0,0],[-2.995,0],[0,0],[0,2.995],[0,0],[2.995,0],[0,0],[0,-2.995]],"v":[[71.7,-5.446],[-71.7,-5.446],[-77.146,0],[-77.146,0],[-71.7,5.446],[71.7,5.446],[77.146,0],[77.146,0]]},"ix":2}},{"ty":"fl","bm":0,"cl":"","ln":"","hd":false,"mn":"ADBE Vector Graphic - Fill","nm":"Fill 1","c":{"a":0,"k":[0.0196,0.2118,0.4863,1],"ix":4},"r":1,"o":{"a":0,"k":100,"ix":5}},{"ty":"tr","a":{"a":0,"k":[0,0],"ix":1},"s":{"a":0,"k":[100,100],"ix":3},"sk":{"a":0,"k":0,"ix":4},"p":{"a":0,"k":[585.605,481.456],"ix":2},"r":{"a":0,"k":0,"ix":6},"sa":{"a":0,"k":0,"ix":5},"o":{"a":0,"k":100,"ix":7}}]},{"ty":"tr","a":{"a":0,"k":[508.459,481.456],"ix":1},"s":{"a":1,"k":[{"o":{"x":0.33,"y":0},"i":{"x":0.25,"y":1},"s":[0,100],"t":25},{"o":{"x":0.167,"y":0.167},"i":{"x":0.833,"y":0.833},"s":[100,100],"t":37.5}],"ix":3},"sk":{"a":0,"k":0,"ix":4},"p":{"a":0,"k":[508.459,481.456],"ix":2},"r":{"a":0,"k":0,"ix":6},"sa":{"a":0,"k":0,"ix":5},"o":{"a":0,"k":20,"ix":7}}]},{"ty":"gr","bm":0,"cl":"","ln":"","hd":false,"mn":"ADBE Vector Group","nm":"Group 3","ix":3,"cix":2,"np":1,"it":[{"ty":"gr","bm":0,"cl":"","ln":"","hd":false,"mn":"ADBE Vector Group","nm":"Group 3","ix":1,"cix":2,"np":2,"it":[{"ty":"sh","bm":0,"cl":"","ln":"","hd":false,"mn":"ADBE Vector Shape - Group","nm":"Path 1","ix":1,"d":1,"ks":{"a":0,"k":{"c":true,"i":[[2.995,0],[0,0],[0,-2.995],[0,0],[-2.995,0],[0,0],[0,2.995],[0,0]],"o":[[0,0],[-2.995,0],[0,0],[0,2.995],[0,0],[2.995,0],[0,0],[0,-2.995]],"v":[[71.7,-5.446],[-71.7,-5.446],[-77.146,0],[-77.146,0],[-71.7,5.446],[71.7,5.446],[77.146,0],[77.146,0]]},"ix":2}},{"ty":"fl","bm":0,"cl":"","ln":"","hd":false,"mn":"ADBE Vector Graphic - Fill","nm":"Fill 1","c":{"a":0,"k":[0.0196,0.2118,0.4863,1],"ix":4},"r":1,"o":{"a":0,"k":100,"ix":5}},{"ty":"tr","a":{"a":0,"k":[0,0],"ix":1},"s":{"a":0,"k":[100,100],"ix":3},"sk":{"a":0,"k":0,"ix":4},"p":{"a":0,"k":[585.605,450.8],"ix":2},"r":{"a":0,"k":0,"ix":6},"sa":{"a":0,"k":0,"ix":5},"o":{"a":0,"k":100,"ix":7}}]},{"ty":"tr","a":{"a":0,"k":[508.459,450.8],"ix":1},"s":{"a":1,"k":[{"o":{"x":0.33,"y":0},"i":{"x":0.25,"y":1},"s":[0,100],"t":19},{"o":{"x":0.167,"y":0.167},"i":{"x":0.833,"y":0.833},"s":[100,100],"t":31.5}],"ix":3},"sk":{"a":0,"k":0,"ix":4},"p":{"a":0,"k":[508.459,450.8],"ix":2},"r":{"a":0,"k":0,"ix":6},"sa":{"a":0,"k":0,"ix":5},"o":{"a":0,"k":20,"ix":7}}]},{"ty":"gr","bm":0,"cl":"","ln":"","hd":false,"mn":"ADBE Vector Group","nm":"Group 4","ix":4,"cix":2,"np":1,"it":[{"ty":"gr","bm":0,"cl":"","ln":"","hd":false,"mn":"ADBE Vector Group","nm":"Group 4","ix":1,"cix":2,"np":2,"it":[{"ty":"sh","bm":0,"cl":"","ln":"","hd":false,"mn":"ADBE Vector Shape - Group","nm":"Path 1","ix":1,"d":1,"ks":{"a":0,"k":{"c":true,"i":[[2.995,0],[0,0],[0,-2.995],[0,0],[-2.995,0],[0,0],[0,2.995],[0,0]],"o":[[0,0],[-2.995,0],[0,0],[0,2.995],[0,0],[2.995,0],[0,0],[0,-2.995]],"v":[[71.7,-5.446],[-71.7,-5.446],[-77.146,0],[-77.146,0],[-71.7,5.446],[71.7,5.446],[77.146,0],[77.146,0]]},"ix":2}},{"ty":"fl","bm":0,"cl":"","ln":"","hd":false,"mn":"ADBE Vector Graphic - Fill","nm":"Fill 1","c":{"a":0,"k":[0.0196,0.2118,0.4863,1],"ix":4},"r":1,"o":{"a":0,"k":100,"ix":5}},{"ty":"tr","a":{"a":0,"k":[0,0],"ix":1},"s":{"a":0,"k":[100,100],"ix":3},"sk":{"a":0,"k":0,"ix":4},"p":{"a":0,"k":[585.605,420.143],"ix":2},"r":{"a":0,"k":0,"ix":6},"sa":{"a":0,"k":0,"ix":5},"o":{"a":0,"k":100,"ix":7}}]},{"ty":"tr","a":{"a":0,"k":[508.459,420.143],"ix":1},"s":{"a":1,"k":[{"o":{"x":0.33,"y":0},"i":{"x":0.25,"y":1},"s":[0,100],"t":13},{"o":{"x":0.167,"y":0.167},"i":{"x":0.833,"y":0.833},"s":[100,100],"t":25.5}],"ix":3},"sk":{"a":0,"k":0,"ix":4},"p":{"a":0,"k":[508.459,420.143],"ix":2},"r":{"a":0,"k":0,"ix":6},"sa":{"a":0,"k":0,"ix":5},"o":{"a":0,"k":20,"ix":7}}]}],"ind":9,"parent":12},{"ty":4,"nm":"OBJECTS 7","mn":"","sr":1,"st":0,"op":250,"ip":0,"hd":false,"cl":"","ln":"","ddd":0,"bm":0,"hasMask":false,"ao":0,"ks":{"a":{"a":0,"k":[401.114,465.114,0],"ix":1},"s":{"a":1,"k":[{"o":{"x":0.333,"y":0},"i":{"x":0.667,"y":1},"s":[0,0,100],"t":18},{"o":{"x":0.333,"y":0},"i":{"x":0.667,"y":1},"s":[110,110,100],"t":30.5},{"o":{"x":0.167,"y":0.167},"i":{"x":0.833,"y":0.833},"s":[100,100,100],"t":36.3330078125}],"ix":6},"sk":{"a":0,"k":0},"p":{"a":0,"k":[401.114,465.114,0],"ix":2},"r":{"a":1,"k":[{"o":{"x":0.167,"y":0.167},"i":{"x":0.833,"y":0.833},"s":[0],"t":0},{"o":{"x":0.167,"y":0.167},"i":{"x":0.833,"y":0.833},"s":[1080],"t":121}],"ix":10},"sa":{"a":0,"k":0},"o":{"a":0,"k":100,"ix":11}},"ef":[],"shapes":[{"ty":"gr","bm":0,"cl":"","ln":"","hd":false,"mn":"ADBE Vector Group","nm":"Group 1","ix":1,"cix":2,"np":2,"it":[{"ty":"sh","bm":0,"cl":"","ln":"","hd":false,"mn":"ADBE Vector Shape - Group","nm":"Path 1","ix":1,"d":1,"ks":{"a":0,"k":{"c":true,"i":[[0,0],[0.866,-3.24],[1.698,-2.935],[2.416,-2.415],[2.977,-1.722],[3.352,-0.896],[3.513,0],[3.24,0.866],[2.935,1.698],[2.416,2.416],[1.722,2.976],[0.896,3.352],[0,3.513],[-0.866,3.24],[-1.698,2.935],[-2.416,2.416],[-2.977,1.722],[-3.352,0.896],[-3.513,0],[0,0],[5.279,-1.411],[4.782,-2.767],[3.936,-3.936],[2.806,-4.85],[1.46,-5.462],[0,-5.723],[-1.411,-5.279],[-2.767,-4.782],[-3.936,-3.936],[-4.85,-2.806],[-5.462,-1.46],[-5.723,0],[-5.279,1.411],[-4.782,2.767],[-3.936,3.936],[-2.806,4.85],[-1.46,5.462],[0,5.724]],"o":[[0,3.513],[-0.896,3.352],[-1.722,2.976],[-2.416,2.416],[-2.935,1.698],[-3.24,0.866],[-3.513,0],[-3.352,-0.896],[-2.977,-1.722],[-2.416,-2.415],[-1.698,-2.935],[-0.866,-3.24],[0,-3.513],[0.896,-3.352],[1.722,-2.977],[2.416,-2.416],[2.935,-1.698],[3.24,-0.866],[0,0],[-5.723,0],[-5.462,1.46],[-4.85,2.806],[-3.936,3.936],[-2.767,4.782],[-1.411,5.279],[0,5.724],[1.46,5.462],[2.806,4.85],[3.936,3.936],[4.782,2.767],[5.279,1.411],[5.724,0],[5.462,-1.46],[4.85,-2.806],[3.936,-3.936],[2.767,-4.782],[1.411,-5.279],[0,0]],"v":[[39.232,0],[37.898,10.155],[33.972,19.614],[27.741,27.741],[19.614,33.972],[10.154,37.898],[0,39.232],[-10.155,37.898],[-19.614,33.972],[-27.742,27.741],[-33.972,19.614],[-37.898,10.155],[-39.232,0],[-37.898,-10.155],[-33.972,-19.614],[-27.742,-27.741],[-19.614,-33.972],[-10.155,-37.898],[0,-39.233],[0,-63.924],[-16.546,-61.749],[-31.958,-55.353],[-45.201,-45.201],[-55.353,-31.958],[-61.749,-16.546],[-63.923,0],[-61.749,16.546],[-55.353,31.958],[-45.201,45.2],[-31.958,55.353],[-16.546,61.749],[0,63.924],[16.546,61.749],[31.958,55.353],[45.201,45.2],[55.353,31.958],[61.749,16.546],[63.923,0]]},"ix":2}},{"ty":"gf","bm":0,"cl":"","ln":"","hd":false,"mn":"ADBE Vector Graphic - G-Fill","nm":"Gradient Fill 1","e":{"a":0,"k":[67.354,-68.004],"ix":6},"g":{"p":3,"k":{"a":0,"k":[0,0.011764705882352941,0.7294117647058823,0.9764705882352941,0.5,0.4117647058823529,0.5647058823529412,0.9764705882352941,1,0.807843137254902,0.4,0.9764705882352941,3],"ix":9}},"t":1,"a":{"a":0,"k":0},"h":{"a":0,"k":0},"s":{"a":0,"k":[-110.535,109.886],"ix":5},"r":1,"o":{"a":0,"k":100,"ix":10}},{"ty":"tr","a":{"a":0,"k":[0,0],"ix":1},"s":{"a":0,"k":[100,100],"ix":3},"sk":{"a":0,"k":0,"ix":4},"p":{"a":0,"k":[401.114,465.114],"ix":2},"r":{"a":0,"k":0,"ix":6},"sa":{"a":0,"k":0,"ix":5},"o":{"a":0,"k":100,"ix":7}}]},{"ty":"gr","bm":0,"cl":"","ln":"","hd":false,"mn":"ADBE Vector Group","nm":"Group 2","ix":2,"cix":2,"np":2,"it":[{"ty":"sh","bm":0,"cl":"","ln":"","hd":false,"mn":"ADBE Vector Shape - Group","nm":"Path 1","ix":1,"d":1,"ks":{"a":0,"k":{"c":true,"i":[[1.411,5.279],[2.767,4.782],[3.936,3.936],[4.85,2.806],[5.462,1.46],[5.724,0],[0,0],[-3.24,-0.866],[-2.935,-1.698],[-2.416,-2.416],[-1.722,-2.977],[-0.896,-3.352],[0,-3.513],[0,0]],"o":[[-1.46,-5.462],[-2.806,-4.85],[-3.936,-3.936],[-4.782,-2.767],[-5.279,-1.411],[0,0],[3.513,0],[3.352,0.896],[2.976,1.722],[2.416,2.416],[1.698,2.935],[0.866,3.24],[0,0],[0,-5.723]],"v":[[29.787,15.416],[23.391,0.004],[13.239,-13.239],[-0.004,-23.391],[-15.416,-29.787],[-31.962,-31.962],[-31.962,-7.271],[-21.807,-5.936],[-12.348,-2.01],[-4.22,4.22],[2.01,12.348],[5.936,21.807],[7.27,31.962],[31.962,31.962]]},"ix":2}},{"ty":"fl","bm":0,"cl":"","ln":"","hd":false,"mn":"ADBE Vector Graphic - Fill","nm":"Fill 1","c":{"a":0,"k":[0.0196,0.2118,0.4863,1],"ix":4},"r":1,"o":{"a":0,"k":100,"ix":5}},{"ty":"tr","a":{"a":0,"k":[0,0],"ix":1},"s":{"a":0,"k":[100,100],"ix":3},"sk":{"a":0,"k":0,"ix":4},"p":{"a":0,"k":[433.076,433.152],"ix":2},"r":{"a":0,"k":0,"ix":6},"sa":{"a":0,"k":0,"ix":5},"o":{"a":0,"k":20,"ix":7}}]}],"ind":10,"parent":12},{"ty":4,"nm":"OBJECTS 6","mn":"","sr":1,"st":0,"op":250,"ip":0,"hd":false,"cl":"","ln":"","ddd":0,"bm":1,"hasMask":false,"ao":0,"ks":{"a":{"a":0,"k":[0,0,0],"ix":1},"s":{"a":0,"k":[100,100,100],"ix":6},"sk":{"a":0,"k":0},"p":{"a":0,"k":[504.079,698.108,0],"ix":2},"r":{"a":0,"k":0,"ix":10},"sa":{"a":0,"k":0},"o":{"a":0,"k":100,"ix":11}},"ef":[],"shapes":[{"ty":"gr","bm":1,"cl":"","ln":"","hd":false,"mn":"ADBE Vector Group","nm":"Group 1","ix":1,"cix":2,"np":2,"it":[{"ty":"sh","bm":0,"cl":"","ln":"","hd":false,"mn":"ADBE Vector Shape - Group","nm":"Path 1","ix":1,"d":1,"ks":{"a":0,"k":{"c":true,"i":[[0,0],[0,0],[0,0],[0,0]],"o":[[0,0],[0,0],[0,0],[0,0]],"v":[[-242.247,28.243],[-242.247,-28.243],[242.247,-28.243],[242.247,28.243]]},"ix":2}},{"ty":"gf","bm":0,"cl":"","ln":"","hd":false,"mn":"ADBE Vector Graphic - G-Fill","nm":"Gradient Fill 1","e":{"a":0,"k":[-0.5,-19.528],"ix":6},"g":{"p":3,"k":{"a":0,"k":[0,0.0196078431372549,0.21176470588235294,0.48627450980392156,0.332,0.5098039215686274,0.6078431372549019,0.7411764705882353,1,1,1,1,3],"ix":9}},"t":1,"a":{"a":0,"k":0},"h":{"a":0,"k":0},"s":{"a":0,"k":[-0.5,60.892],"ix":5},"r":1,"o":{"a":0,"k":100,"ix":10}},{"ty":"tr","a":{"a":0,"k":[0,0],"ix":1},"s":{"a":0,"k":[100,100],"ix":3},"sk":{"a":0,"k":0,"ix":4},"p":{"a":0,"k":[0,0],"ix":2},"r":{"a":0,"k":0,"ix":6},"sa":{"a":0,"k":0,"ix":5},"o":{"a":0,"k":100,"ix":7}}]}],"ind":11,"parent":13},{"ty":4,"nm":"OBJECTS 5","mn":"","sr":1,"st":0,"op":250,"ip":0,"hd":false,"cl":"","ln":"","ddd":0,"bm":0,"hasMask":false,"ao":0,"ks":{"a":{"a":0,"k":[502.411,726.472,0],"ix":1},"s":{"a":1,"k":[{"o":{"x":0.333,"y":0},"i":{"x":0.667,"y":1},"s":[0,0,100],"t":9},{"o":{"x":0.333,"y":0},"i":{"x":0.667,"y":1},"s":[110,110,100],"t":21.5},{"o":{"x":0.167,"y":0.167},"i":{"x":0.833,"y":0.833},"s":[100,100,100],"t":27.3330078125}],"ix":6},"sk":{"a":0,"k":0},"p":{"a":0,"k":[502.411,726.472,0],"ix":2},"r":{"a":0,"k":0,"ix":10},"sa":{"a":0,"k":0},"o":{"a":0,"k":100,"ix":11}},"ef":[],"shapes":[{"ty":"gr","bm":0,"cl":"","ln":"","hd":false,"mn":"ADBE Vector Group","nm":"Group 1","ix":1,"cix":2,"np":3,"it":[{"ty":"gr","bm":0,"cl":"","ln":"","hd":false,"mn":"ADBE Vector Group","nm":"Group 1","ix":1,"cix":2,"np":2,"it":[{"ty":"sh","bm":0,"cl":"","ln":"","hd":false,"mn":"ADBE Vector Shape - Group","nm":"Path 1","ix":1,"d":1,"ks":{"a":0,"k":{"c":true,"i":[[0,5.336],[5.336,0],[0,-5.336],[-5.336,0]],"o":[[0,-5.336],[-5.336,0],[0,5.336],[5.336,0]],"v":[[9.661,0],[0,-9.661],[-9.661,0],[0,9.661]]},"ix":2}},{"ty":"fl","bm":0,"cl":"","ln":"","hd":false,"mn":"ADBE Vector Graphic - Fill","nm":"Fill 1","c":{"a":0,"k":[1,1,1,1],"ix":4},"r":1,"o":{"a":0,"k":100,"ix":5}},{"ty":"tr","a":{"a":0,"k":[0,0],"ix":1},"s":{"a":0,"k":[100,100],"ix":3},"sk":{"a":0,"k":0,"ix":4},"p":{"a":0,"k":[430.387,330.114],"ix":2},"r":{"a":0,"k":0,"ix":6},"sa":{"a":0,"k":0,"ix":5},"o":{"a":0,"k":100,"ix":7}}]},{"ty":"gr","bm":0,"cl":"","ln":"","hd":false,"mn":"ADBE Vector Group","nm":"Group 2","ix":2,"cix":2,"np":2,"it":[{"ty":"sh","bm":0,"cl":"","ln":"","hd":false,"mn":"ADBE Vector Shape - Group","nm":"Path 1","ix":1,"d":1,"ks":{"a":0,"k":{"c":true,"i":[[0,5.336],[5.336,0],[0,-5.336],[-5.336,0]],"o":[[0,-5.336],[-5.336,0],[0,5.336],[5.336,0]],"v":[[9.661,0],[0,-9.661],[-9.661,0],[0,9.661]]},"ix":2}},{"ty":"fl","bm":0,"cl":"","ln":"","hd":false,"mn":"ADBE Vector Graphic - Fill","nm":"Fill 1","c":{"a":0,"k":[1,1,1,1],"ix":4},"r":1,"o":{"a":0,"k":100,"ix":5}},{"ty":"tr","a":{"a":0,"k":[0,0],"ix":1},"s":{"a":0,"k":[100,100],"ix":3},"sk":{"a":0,"k":0,"ix":4},"p":{"a":0,"k":[389.418,330.114],"ix":2},"r":{"a":0,"k":0,"ix":6},"sa":{"a":0,"k":0,"ix":5},"o":{"a":0,"k":100,"ix":7}}]},{"ty":"gr","bm":0,"cl":"","ln":"","hd":false,"mn":"ADBE Vector Group","nm":"Group 3","ix":3,"cix":2,"np":2,"it":[{"ty":"sh","bm":0,"cl":"","ln":"","hd":false,"mn":"ADBE Vector Shape - Group","nm":"Path 1","ix":1,"d":1,"ks":{"a":0,"k":{"c":true,"i":[[0,5.336],[5.336,0],[0,-5.336],[-5.336,0]],"o":[[0,-5.336],[-5.336,0],[0,5.336],[5.336,0]],"v":[[9.661,0],[0,-9.661],[-9.661,0],[0,9.661]]},"ix":2}},{"ty":"fl","bm":0,"cl":"","ln":"","hd":false,"mn":"ADBE Vector Graphic - Fill","nm":"Fill 1","c":{"a":0,"k":[1,1,1,1],"ix":4},"r":1,"o":{"a":0,"k":100,"ix":5}},{"ty":"tr","a":{"a":0,"k":[0,0],"ix":1},"s":{"a":0,"k":[100,100],"ix":3},"sk":{"a":0,"k":0,"ix":4},"p":{"a":0,"k":[346.847,330.114],"ix":2},"r":{"a":0,"k":0,"ix":6},"sa":{"a":0,"k":0,"ix":5},"o":{"a":0,"k":100,"ix":7}}]},{"ty":"tr","a":{"a":0,"k":[346.847,330.114],"ix":1},"s":{"a":0,"k":[100,100],"ix":3},"sk":{"a":0,"k":0,"ix":4},"p":{"a":0,"k":[346.847,330.114],"ix":2},"r":{"a":0,"k":0,"ix":6},"sa":{"a":0,"k":0,"ix":5},"o":{"a":0,"k":100,"ix":7}}]},{"ty":"gr","bm":0,"cl":"","ln":"","hd":false,"mn":"ADBE Vector Group","nm":"Group 2","ix":2,"cix":2,"np":2,"it":[{"ty":"sh","bm":0,"cl":"","ln":"","hd":false,"mn":"ADBE Vector Shape - Group","nm":"Path 1","ix":1,"d":1,"ks":{"a":0,"k":{"c":true,"i":[[0,0],[0,0],[20.167,0],[0,0],[0,-20.167],[0,0]],"o":[[0,0],[0,-20.167],[0,0],[-20.167,0],[0,0],[0,0]],"v":[[197.833,34.618],[197.833,1.898],[161.317,-34.618],[-161.317,-34.618],[-197.833,1.898],[-197.833,34.618]]},"ix":2}},{"ty":"gf","bm":0,"cl":"","ln":"","hd":false,"mn":"ADBE Vector Graphic - G-Fill","nm":"Gradient Fill 1","e":{"a":0,"k":[-131.933,-121.617],"ix":6},"g":{"p":3,"k":{"a":0,"k":[0,0.011764705882352941,0.7294117647058823,0.9764705882352941,0.5,0.4117647058823529,0.5647058823529412,0.9764705882352941,1,0.807843137254902,0.4,0.9764705882352941,3],"ix":9}},"t":1,"a":{"a":0,"k":0},"h":{"a":0,"k":0},"s":{"a":0,"k":[183.168,193.484],"ix":5},"r":1,"o":{"a":0,"k":100,"ix":10}},{"ty":"tr","a":{"a":0,"k":[0,0],"ix":1},"s":{"a":0,"k":[100,100],"ix":3},"sk":{"a":0,"k":0,"ix":4},"p":{"a":0,"k":[502.411,327.516],"ix":2},"r":{"a":0,"k":0,"ix":6},"sa":{"a":0,"k":0,"ix":5},"o":{"a":0,"k":100,"ix":7}}]},{"ty":"gr","bm":0,"cl":"","ln":"","hd":false,"mn":"ADBE Vector Group","nm":"Group 3","ix":3,"cix":2,"np":2,"it":[{"ty":"sh","bm":0,"cl":"","ln":"","hd":false,"mn":"ADBE Vector Shape - Group","nm":"Path 1","ix":1,"d":1,"ks":{"a":0,"k":{"c":true,"i":[[20.167,0],[0,0],[0,-20.167],[0,0],[0,0],[0,0]],"o":[[0,0],[-20.167,0],[0,0],[0,0],[0,0],[0,-20.167]],"v":[[161.317,-216.787],[-161.317,-216.787],[-197.833,-180.271],[-197.833,216.787],[197.833,216.787],[197.833,-180.271]]},"ix":2}},{"ty":"fl","bm":0,"cl":"","ln":"","hd":false,"mn":"ADBE Vector Graphic - Fill","nm":"Fill 1","c":{"a":0,"k":[1,1,1,1],"ix":4},"r":1,"o":{"a":0,"k":100,"ix":5}},{"ty":"tr","a":{"a":0,"k":[0,0],"ix":1},"s":{"a":0,"k":[100,100],"ix":3},"sk":{"a":0,"k":0,"ix":4},"p":{"a":0,"k":[502.411,509.685],"ix":2},"r":{"a":0,"k":0,"ix":6},"sa":{"a":0,"k":0,"ix":5},"o":{"a":0,"k":100,"ix":7}}]}],"ind":12,"parent":13},{"ty":4,"nm":"OBJECTS 4","mn":"","sr":1,"st":0,"op":250,"ip":0,"hd":false,"cl":"","ln":"","ddd":0,"bm":0,"hasMask":false,"ao":0,"ks":{"a":{"a":0,"k":[504.079,767.349,0],"ix":1},"s":{"a":1,"k":[{"o":{"x":0.333,"y":0},"i":{"x":0.667,"y":1},"s":[0,0,100],"t":0},{"o":{"x":0.333,"y":0},"i":{"x":0.667,"y":1},"s":[110,110,100],"t":12.5},{"o":{"x":0.333,"y":0},"i":{"x":0.667,"y":1},"s":[100,100,100],"t":18.333},{"o":{"x":0.333,"y":0},"i":{"x":0.667,"y":1},"s":[100,100,100],"t":104},{"o":{"x":0.333,"y":0},"i":{"x":0.667,"y":1},"s":[110,110,100],"t":109.834},{"o":{"x":0.167,"y":0.167},"i":{"x":0.833,"y":0.833},"s":[0,0,100],"t":120.6669921875}],"ix":6},"sk":{"a":0,"k":0},"p":{"a":0,"k":[504.079,767.349,0],"ix":2},"r":{"a":0,"k":0,"ix":10},"sa":{"a":0,"k":0},"o":{"a":0,"k":100,"ix":11}},"ef":[],"shapes":[{"ty":"gr","bm":3,"cl":"","ln":"","hd":false,"mn":"ADBE Vector Group","nm":"Group 1","ix":1,"cix":2,"np":2,"it":[{"ty":"sh","bm":0,"cl":"","ln":"","hd":false,"mn":"ADBE Vector Shape - Group","nm":"Path 1","ix":1,"d":1,"ks":{"a":0,"k":{"c":true,"i":[[9.015,0],[0,0],[4.226,-3.779],[6.858,0],[0,0],[5.146,4.603],[5.669,0],[0,0],[0,-9.016],[0,0],[-9.015,0],[0,0],[-4.226,-3.779],[-6.858,0],[0,0],[-5.147,4.602],[-5.669,0],[0,0],[0,-9.016],[0,0]],"o":[[0,0],[-5.669,0],[-5.147,4.603],[0,0],[-6.858,0],[-4.226,-3.779],[0,0],[-9.015,0],[0,0],[0,-9.016],[0,0],[5.669,0],[5.146,4.602],[0,0],[6.858,0],[4.226,-3.779],[0,0],[9.015,0],[0,0],[0,-9.016]],"v":[[307.755,-10.479],[76.656,-10.479],[61.323,-4.568],[41.638,5.646],[-41.638,5.646],[-61.323,-4.568],[-76.656,-10.479],[-307.755,-10.479],[-324.079,5.845],[-324.079,10.479],[-307.755,-5.845],[-76.656,-5.845],[-61.323,0.067],[-41.638,10.281],[41.638,10.281],[61.323,0.067],[76.656,-5.845],[307.755,-5.845],[324.079,10.479],[324.079,5.845]]},"ix":2}},{"ty":"fl","bm":0,"cl":"","ln":"","hd":false,"mn":"ADBE Vector Graphic - Fill","nm":"Fill 1","c":{"a":0,"k":[0.4,0.8863,1,1],"ix":4},"r":1,"o":{"a":0,"k":100,"ix":5}},{"ty":"tr","a":{"a":0,"k":[0,0],"ix":1},"s":{"a":0,"k":[100,100],"ix":3},"sk":{"a":0,"k":0,"ix":4},"p":{"a":0,"k":[504.079,749.108],"ix":2},"r":{"a":0,"k":0,"ix":6},"sa":{"a":0,"k":0,"ix":5},"o":{"a":0,"k":37,"ix":7}}]},{"ty":"gr","bm":0,"cl":"","ln":"","hd":false,"mn":"ADBE Vector Group","nm":"Group 2","ix":2,"cix":2,"np":2,"it":[{"ty":"sh","bm":0,"cl":"","ln":"","hd":false,"mn":"ADBE Vector Shape - Group","nm":"Path 1","ix":1,"d":1,"ks":{"a":0,"k":{"c":true,"i":[[9.015,0],[0,0],[4.226,-3.779],[6.858,0],[0,0],[5.146,4.603],[5.669,0],[0,0],[0,-9.016],[0,0],[0,0],[0,0]],"o":[[0,0],[-5.669,0],[-5.147,4.602],[0,0],[-6.858,0],[-4.226,-3.779],[0,0],[-9.015,0],[0,0],[0,0],[0,0],[0,-9.016]],"v":[[307.755,-17.297],[76.656,-17.297],[61.323,-11.386],[41.638,-1.172],[-41.638,-1.172],[-61.323,-11.386],[-76.656,-17.297],[-307.755,-17.297],[-324.079,-0.973],[-324.079,17.297],[324.079,17.297],[324.079,-0.973]]},"ix":2}},{"ty":"gf","bm":0,"cl":"","ln":"","hd":false,"mn":"ADBE Vector Graphic - G-Fill","nm":"Gradient Fill 1","e":{"a":0,"k":[-0.5,-104.075],"ix":6},"g":{"p":3,"k":{"a":0,"k":[0.088,0.28627450980392155,0.8,0.9647058823529412,0.544,0.2196078431372549,0.6784313725490196,0.9607843137254902,1,0.15294117647058825,0.5568627450980392,0.9568627450980393,3],"ix":9}},"t":1,"a":{"a":0,"k":0},"h":{"a":0,"k":0},"s":{"a":0,"k":[-0.5,101.074],"ix":5},"r":1,"o":{"a":0,"k":100,"ix":10}},{"ty":"tr","a":{"a":0,"k":[0,0],"ix":1},"s":{"a":0,"k":[100,100],"ix":3},"sk":{"a":0,"k":0,"ix":4},"p":{"a":0,"k":[504.079,755.926],"ix":2},"r":{"a":0,"k":0,"ix":6},"sa":{"a":0,"k":0,"ix":5},"o":{"a":0,"k":100,"ix":7}}]},{"ty":"gr","bm":0,"cl":"","ln":"","hd":false,"mn":"ADBE Vector Group","nm":"Group 3","ix":3,"cix":2,"np":2,"it":[{"ty":"sh","bm":0,"cl":"","ln":"","hd":false,"mn":"ADBE Vector Shape - Group","nm":"Path 1","ix":1,"d":1,"ks":{"a":0,"k":{"c":true,"i":[[17.147,0],[0,0],[15.519,7.293],[0,0],[0,0],[0,0]],"o":[[0,0],[-17.147,0],[0,0],[0,0],[0,0],[-15.519,7.293]],"v":[[249.425,11.423],[-249.425,11.423],[-299.027,0.349],[-324.079,-11.423],[324.079,-11.423],[299.027,0.349]]},"ix":2}},{"ty":"gf","bm":0,"cl":"","ln":"","hd":false,"mn":"ADBE Vector Graphic - G-Fill","nm":"Gradient Fill 1","e":{"a":0,"k":[-0.5,-26.182],"ix":6},"g":{"p":3,"k":{"a":0,"k":[0,0.15294117647058825,0.5568627450980392,0.9568627450980393,0.5,0.10196078431372549,0.4745098039215686,0.8823529411764706,1,0.050980392156862744,0.396078431372549,0.807843137254902,3],"ix":9}},"t":1,"a":{"a":0,"k":0},"h":{"a":0,"k":0},"s":{"a":0,"k":[-0.5,18.354],"ix":5},"r":1,"o":{"a":0,"k":100,"ix":10}},{"ty":"tr","a":{"a":0,"k":[0,0],"ix":1},"s":{"a":0,"k":[100,100],"ix":3},"sk":{"a":0,"k":0,"ix":4},"p":{"a":0,"k":[504.079,784.646],"ix":2},"r":{"a":0,"k":0,"ix":6},"sa":{"a":0,"k":0,"ix":5},"o":{"a":0,"k":100,"ix":7}}]}],"ind":13},{"ty":4,"nm":"OBJECTS 3","mn":"","sr":1,"st":0,"op":250,"ip":0,"hd":false,"cl":"","ln":"","ddd":0,"bm":0,"hasMask":false,"ao":0,"ks":{"a":{"a":0,"k":[0,0,0],"ix":1},"s":{"a":0,"k":[100,100,100],"ix":6},"sk":{"a":0,"k":0},"p":{"a":0,"k":[504.079,567.959,0],"ix":2},"r":{"a":0,"k":0,"ix":10},"sa":{"a":0,"k":0},"o":{"a":0,"k":100,"ix":11}},"ef":[],"shapes":[{"ty":"gr","bm":0,"cl":"","ln":"","hd":false,"mn":"ADBE Vector Group","nm":"Group 1","ix":1,"cix":2,"np":2,"it":[{"ty":"sh","bm":0,"cl":"","ln":"","hd":false,"mn":"ADBE Vector Shape - Group","nm":"Path 1","ix":1,"d":1,"ks":{"a":0,"k":{"c":true,"i":[[0,0],[0,0],[0,0],[0,0]],"o":[[0,0],[0,0],[0,0],[0,0]],"v":[[-242.247,158.391],[-242.247,-158.391],[242.247,-158.391],[242.247,158.391]]},"ix":2}},{"ty":"fl","bm":0,"cl":"","ln":"","hd":false,"mn":"ADBE Vector Graphic - Fill","nm":"Fill 1","c":{"a":0,"k":[0.0196,0.2118,0.4863,1],"ix":4},"r":1,"o":{"a":0,"k":100,"ix":5}},{"ty":"tr","a":{"a":0,"k":[0,0],"ix":1},"s":{"a":0,"k":[100,100],"ix":3},"sk":{"a":0,"k":0,"ix":4},"p":{"a":0,"k":[0,0],"ix":2},"r":{"a":0,"k":0,"ix":6},"sa":{"a":0,"k":0,"ix":5},"o":{"a":0,"k":100,"ix":7}}]}],"ind":14,"parent":13},{"ty":4,"nm":"OBJECTS 2","mn":"","sr":1,"st":0,"op":250,"ip":0,"hd":false,"cl":"","ln":"","ddd":0,"bm":0,"hasMask":false,"ao":0,"ks":{"a":{"a":0,"k":[0,0,0],"ix":1},"s":{"a":0,"k":[100,100,100],"ix":6},"sk":{"a":0,"k":0},"p":{"a":0,"k":[504.079,574.002,0],"ix":2},"r":{"a":0,"k":0,"ix":10},"sa":{"a":0,"k":0},"o":{"a":0,"k":100,"ix":11}},"ef":[],"shapes":[{"ty":"gr","bm":0,"cl":"","ln":"","hd":false,"mn":"ADBE Vector Group","nm":"Group 1","ix":1,"cix":2,"np":2,"it":[{"ty":"sh","bm":0,"cl":"","ln":"","hd":false,"mn":"ADBE Vector Shape - Group","nm":"Path 1","ix":1,"d":1,"ks":{"a":0,"k":{"c":true,"i":[[12.773,0],[0,0],[0,-12.773],[0,0],[0,0],[0,0]],"o":[[0,0],[-12.773,0],[0,0],[0,0],[0,0],[0,-12.773]],"v":[[243.184,-188.498],[-243.184,-188.498],[-266.312,-165.37],[-266.312,188.498],[266.312,188.498],[266.312,-165.37]]},"ix":2}},{"ty":"gf","bm":0,"cl":"","ln":"","hd":false,"mn":"ADBE Vector Graphic - G-Fill","nm":"Gradient Fill 1","e":{"a":0,"k":[162.772,-157.275],"ix":6},"g":{"p":3,"k":{"a":0,"k":[0,0.15294117647058825,0.5568627450980392,0.9568627450980393,0.456,0.2196078431372549,0.6784313725490196,0.9607843137254902,0.912,0.28627450980392155,0.8,0.9647058823529412,3],"ix":9}},"t":1,"a":{"a":0,"k":0},"h":{"a":0,"k":0},"s":{"a":0,"k":[-169.5,174.998],"ix":5},"r":1,"o":{"a":0,"k":100,"ix":10}},{"ty":"tr","a":{"a":0,"k":[0,0],"ix":1},"s":{"a":0,"k":[100,100],"ix":3},"sk":{"a":0,"k":0,"ix":4},"p":{"a":0,"k":[0,0],"ix":2},"r":{"a":0,"k":0,"ix":6},"sa":{"a":0,"k":0,"ix":5},"o":{"a":0,"k":100,"ix":7}}]}],"ind":15,"parent":13},{"ty":4,"nm":"OBJECTS","mn":"","sr":1,"st":0,"op":250,"ip":0,"hd":false,"cl":"","ln":"","ddd":0,"bm":0,"hasMask":false,"ao":0,"ks":{"a":{"a":0,"k":[-123.483,83.323,0],"ix":1},"s":{"a":1,"k":[{"o":{"x":0.333,"y":0},"i":{"x":0.667,"y":1},"s":[0,0,100],"t":24},{"o":{"x":0.333,"y":0},"i":{"x":0.667,"y":1},"s":[110,110,100],"t":36.5},{"o":{"x":0.333,"y":0},"i":{"x":0.667,"y":1},"s":[100,100,100],"t":42.333},{"o":{"x":0.333,"y":0},"i":{"x":0.667,"y":1},"s":[100,100,100],"t":104},{"o":{"x":0.333,"y":0},"i":{"x":0.667,"y":1},"s":[110,110,100],"t":109.834},{"o":{"x":0.167,"y":0.167},"i":{"x":0.833,"y":0.833},"s":[0,0,100],"t":120.6669921875}],"ix":6},"sk":{"a":0,"k":0},"p":{"a":0,"k":[659.271,397.347,0],"ix":2},"r":{"a":0,"k":0,"ix":10},"sa":{"a":0,"k":0},"o":{"a":0,"k":100,"ix":11}},"ef":[],"shapes":[{"ty":"gr","bm":0,"cl":"","ln":"","hd":false,"mn":"ADBE Vector Group","nm":"Group 1","ix":1,"cix":2,"np":2,"it":[{"ty":"sh","bm":0,"cl":"","ln":"","hd":false,"mn":"ADBE Vector Shape - Group","nm":"Path 1","ix":1,"d":1,"ks":{"a":0,"k":{"c":true,"i":[[0,0],[0,0],[0,0],[0,0],[0,0],[0,0],[0,0],[0,0],[0,0],[0,0],[0,0]],"o":[[0,0],[0,0],[0,0],[0,0],[0,0],[0,0],[0,0],[0,0],[0,0],[0,0],[0,0]],"v":[[123.483,-83.323],[69.649,-78.222],[89.787,-58.084],[2.473,29.231],[-38,-11.241],[-123.483,74.244],[-114.404,83.323],[-38,6.92],[2.473,47.392],[98.866,-49.004],[118.382,-29.488]]},"ix":2}},{"ty":"fl","bm":0,"cl":"","ln":"","hd":false,"mn":"ADBE Vector Graphic - Fill","nm":"Fill 1","c":{"a":0,"k":[1,1,1,1],"ix":4},"r":1,"o":{"a":0,"k":100,"ix":5}},{"ty":"tr","a":{"a":0,"k":[0,0],"ix":1},"s":{"a":0,"k":[100,100],"ix":3},"sk":{"a":0,"k":0,"ix":4},"p":{"a":0,"k":[0,0],"ix":2},"r":{"a":0,"k":0,"ix":6},"sa":{"a":0,"k":0,"ix":5},"o":{"a":0,"k":100,"ix":7}}]}],"ind":16},{"ty":3,"mn":"","sr":1,"st":0,"op":250,"ip":0,"hd":false,"cl":"","ln":"","ddd":0,"bm":0,"hasMask":false,"ao":0,"ks":{"a":{"a":0,"k":[0,0,0],"ix":1},"s":{"a":0,"k":[107.515,107.515,100],"ix":6},"sk":{"a":0,"k":0},"p":{"a":0,"k":[500,500,0],"ix":2},"r":{"a":0,"k":0,"ix":10},"sa":{"a":0,"k":0},"o":{"a":0,"k":100,"ix":11}},"ind":17}],"ddd":0,"h":1000,"w":1000,"meta":{"a":"","k":"","d":"","g":"@lottiefiles/toolkit-js 0.22.1","tc":"#000000"},"v":"5.8.0","fr":25,"op":126,"ip":0,"assets":[{"nm":"Pre-comp 1","mn":"","layers":[{"ty":4,"nm":"Group 1","mn":"","sr":1,"st":0,"op":250,"ip":0,"hd":false,"cl":"","ln":"","ddd":0,"bm":0,"hasMask":false,"ao":0,"ks":{"a":{"a":0,"k":[603.074,266.849,0],"ix":1},"s":{"a":1,"k":[{"o":{"x":0.333,"y":0},"i":{"x":0.667,"y":1},"s":[100,0,100],"t":42.5},{"o":{"x":0.333,"y":0},"i":{"x":0.667,"y":1},"s":[100,100,100],"t":55},{"o":{"x":0.333,"y":0},"i":{"x":0.667,"y":1},"s":[100,100,100],"t":98},{"o":{"x":0.167,"y":0.167},"i":{"x":0.833,"y":0.833},"s":[100,0,100],"t":110.5}],"ix":6},"sk":{"a":0,"k":0},"p":{"a":0,"k":[603.074,266.849,0],"ix":2},"r":{"a":0,"k":0,"ix":10},"sa":{"a":0,"k":0},"o":{"a":0,"k":100,"ix":11}},"ef":[],"shapes":[{"ty":"gr","bm":0,"cl":"","ln":"","hd":false,"mn":"ADBE Vector Group","nm":"Group 1","ix":1,"cix":2,"np":2,"it":[{"ty":"sh","bm":0,"cl":"","ln":"","hd":false,"mn":"ADBE Vector Shape - Group","nm":"Path 1","ix":1,"d":1,"ks":{"a":0,"k":{"c":true,"i":[[0,0],[0,0],[0,0],[0,0]],"o":[[0,0],[0,0],[0,0],[0,0]],"v":[[14.087,-15.3],[14.087,15.3],[-14.087,15.3],[-14.087,-15.3]]},"ix":2}},{"ty":"gf","bm":0,"cl":"","ln":"","hd":false,"mn":"ADBE Vector Graphic - G-Fill","nm":"Gradient Fill 1","e":{"a":0,"k":[-0.527,-28.249],"ix":6},"g":{"p":3,"k":{"a":0,"k":[0,0.15294117647058825,0.5568627450980392,0.9568627450980393,0.456,0.2196078431372549,0.6784313725490196,0.9607843137254902,0.912,0.28627450980392155,0.8,0.9647058823529412,3],"ix":9}},"t":1,"a":{"a":0,"k":0},"h":{"a":0,"k":0},"s":{"a":0,"k":[-0.527,107.426],"ix":5},"r":1,"o":{"a":0,"k":100,"ix":10}},{"ty":"tr","a":{"a":0,"k":[0,0],"ix":1},"s":{"a":0,"k":[100,100],"ix":3},"sk":{"a":0,"k":0,"ix":4},"p":{"a":0,"k":[603.074,251.549],"ix":2},"r":{"a":0,"k":0,"ix":6},"sa":{"a":0,"k":0,"ix":5},"o":{"a":0,"k":100,"ix":7}}]}],"ind":1},{"ty":4,"nm":"Group 2","mn":"","sr":1,"st":0,"op":250,"ip":0,"hd":false,"cl":"","ln":"","ddd":0,"bm":0,"hasMask":false,"ao":0,"ks":{"a":{"a":0,"k":[531.418,266.849,0],"ix":1},"s":{"a":1,"k":[{"o":{"x":0.333,"y":0},"i":{"x":0.667,"y":1},"s":[100,0,100],"t":36.5},{"o":{"x":0.333,"y":0},"i":{"x":0.667,"y":1},"s":[100,100,100],"t":49},{"o":{"x":0.333,"y":0},"i":{"x":0.667,"y":1},"s":[100,100,100],"t":101},{"o":{"x":0.167,"y":0.167},"i":{"x":0.833,"y":0.833},"s":[100,0,100],"t":113.5}],"ix":6},"sk":{"a":0,"k":0},"p":{"a":0,"k":[531.418,266.849,0],"ix":2},"r":{"a":0,"k":0,"ix":10},"sa":{"a":0,"k":0},"o":{"a":0,"k":100,"ix":11}},"ef":[],"shapes":[{"ty":"gr","bm":0,"cl":"","ln":"","hd":false,"mn":"ADBE Vector Group","nm":"Group 2","ix":1,"cix":2,"np":2,"it":[{"ty":"sh","bm":0,"cl":"","ln":"","hd":false,"mn":"ADBE Vector Shape - Group","nm":"Path 1","ix":1,"d":1,"ks":{"a":0,"k":{"c":true,"i":[[0,0],[0,0],[0,0],[0,0]],"o":[[0,0],[0,0],[0,0],[0,0]],"v":[[14.087,-25.704],[-14.087,-25.704],[-14.087,25.704],[14.087,25.704]]},"ix":2}},{"ty":"gf","bm":0,"cl":"","ln":"","hd":false,"mn":"ADBE Vector Graphic - G-Fill","nm":"Gradient Fill 1","e":{"a":0,"k":[-0.527,-28.249],"ix":6},"g":{"p":3,"k":{"a":0,"k":[0,0.15294117647058825,0.5568627450980392,0.9568627450980393,0.456,0.2196078431372549,0.6784313725490196,0.9607843137254902,0.912,0.28627450980392155,0.8,0.9647058823529412,3],"ix":9}},"t":1,"a":{"a":0,"k":0},"h":{"a":0,"k":0},"s":{"a":0,"k":[-0.527,107.426],"ix":5},"r":1,"o":{"a":0,"k":100,"ix":10}},{"ty":"tr","a":{"a":0,"k":[0,0],"ix":1},"s":{"a":0,"k":[100,100],"ix":3},"sk":{"a":0,"k":0,"ix":4},"p":{"a":0,"k":[531.418,241.145],"ix":2},"r":{"a":0,"k":0,"ix":6},"sa":{"a":0,"k":0,"ix":5},"o":{"a":0,"k":100,"ix":7}}]}],"ind":2},{"ty":4,"nm":"Group 3","mn":"","sr":1,"st":0,"op":250,"ip":0,"hd":false,"cl":"","ln":"","ddd":0,"bm":0,"hasMask":false,"ao":0,"ks":{"a":{"a":0,"k":[459.762,266.849,0],"ix":1},"s":{"a":1,"k":[{"o":{"x":0.333,"y":0},"i":{"x":0.667,"y":1},"s":[100,0,100],"t":30.5},{"o":{"x":0.333,"y":0},"i":{"x":0.667,"y":1},"s":[100,100,100],"t":43},{"o":{"x":0.333,"y":0},"i":{"x":0.667,"y":1},"s":[100,100,100],"t":104},{"o":{"x":0.167,"y":0.167},"i":{"x":0.833,"y":0.833},"s":[100,0,100],"t":116.5}],"ix":6},"sk":{"a":0,"k":0},"p":{"a":0,"k":[459.762,266.849,0],"ix":2},"r":{"a":0,"k":0,"ix":10},"sa":{"a":0,"k":0},"o":{"a":0,"k":100,"ix":11}},"ef":[],"shapes":[{"ty":"gr","bm":0,"cl":"","ln":"","hd":false,"mn":"ADBE Vector Group","nm":"Group 3","ix":1,"cix":2,"np":2,"it":[{"ty":"sh","bm":0,"cl":"","ln":"","hd":false,"mn":"ADBE Vector Shape - Group","nm":"Path 1","ix":1,"d":1,"ks":{"a":0,"k":{"c":true,"i":[[0,0],[0,0],[0,0],[0,0]],"o":[[0,0],[0,0],[0,0],[0,0]],"v":[[14.087,-19.68],[-14.087,-19.68],[-14.087,19.68],[14.087,19.68]]},"ix":2}},{"ty":"gf","bm":0,"cl":"","ln":"","hd":false,"mn":"ADBE Vector Graphic - G-Fill","nm":"Gradient Fill 1","e":{"a":0,"k":[-0.527,-28.249],"ix":6},"g":{"p":3,"k":{"a":0,"k":[0,0.15294117647058825,0.5568627450980392,0.9568627450980393,0.456,0.2196078431372549,0.6784313725490196,0.9607843137254902,0.912,0.28627450980392155,0.8,0.9647058823529412,3],"ix":9}},"t":1,"a":{"a":0,"k":0},"h":{"a":0,"k":0},"s":{"a":0,"k":[-0.527,107.426],"ix":5},"r":1,"o":{"a":0,"k":100,"ix":10}},{"ty":"tr","a":{"a":0,"k":[0,0],"ix":1},"s":{"a":0,"k":[100,100],"ix":3},"sk":{"a":0,"k":0,"ix":4},"p":{"a":0,"k":[459.762,247.168],"ix":2},"r":{"a":0,"k":0,"ix":6},"sa":{"a":0,"k":0,"ix":5},"o":{"a":0,"k":100,"ix":7}}]}],"ind":3},{"ty":4,"nm":"Group 4","mn":"","sr":1,"st":0,"op":250,"ip":0,"hd":false,"cl":"","ln":"","ddd":0,"bm":0,"hasMask":false,"ao":0,"ks":{"a":{"a":0,"k":[388.106,266.849,0],"ix":1},"s":{"a":1,"k":[{"o":{"x":0.333,"y":0},"i":{"x":0.667,"y":1},"s":[100,0,100],"t":24.5},{"o":{"x":0.333,"y":0},"i":{"x":0.667,"y":1},"s":[100,100,100],"t":37},{"o":{"x":0.333,"y":0},"i":{"x":0.667,"y":1},"s":[100,100,100],"t":107},{"o":{"x":0.167,"y":0.167},"i":{"x":0.833,"y":0.833},"s":[100,0,100],"t":119.5}],"ix":6},"sk":{"a":0,"k":0},"p":{"a":0,"k":[388.106,266.849,0],"ix":2},"r":{"a":0,"k":0,"ix":10},"sa":{"a":0,"k":0},"o":{"a":0,"k":100,"ix":11}},"ef":[],"shapes":[{"ty":"gr","bm":0,"cl":"","ln":"","hd":false,"mn":"ADBE Vector Group","nm":"Group 4","ix":1,"cix":2,"np":2,"it":[{"ty":"sh","bm":0,"cl":"","ln":"","hd":false,"mn":"ADBE Vector Shape - Group","nm":"Path 1","ix":1,"d":1,"ks":{"a":0,"k":{"c":true,"i":[[0,0],[0,0],[0,0],[0,0]],"o":[[0,0],[0,0],[0,0],[0,0]],"v":[[14.087,-32.275],[-14.087,-32.275],[-14.087,32.275],[14.087,32.275]]},"ix":2}},{"ty":"gf","bm":0,"cl":"","ln":"","hd":false,"mn":"ADBE Vector Graphic - G-Fill","nm":"Gradient Fill 1","e":{"a":0,"k":[-0.527,-28.249],"ix":6},"g":{"p":3,"k":{"a":0,"k":[0,0.15294117647058825,0.5568627450980392,0.9568627450980393,0.456,0.2196078431372549,0.6784313725490196,0.9607843137254902,0.912,0.28627450980392155,0.8,0.9647058823529412,3],"ix":9}},"t":1,"a":{"a":0,"k":0},"h":{"a":0,"k":0},"s":{"a":0,"k":[-0.527,107.426],"ix":5},"r":1,"o":{"a":0,"k":100,"ix":10}},{"ty":"tr","a":{"a":0,"k":[0,0],"ix":1},"s":{"a":0,"k":[100,100],"ix":3},"sk":{"a":0,"k":0,"ix":4},"p":{"a":0,"k":[388.106,234.574],"ix":2},"r":{"a":0,"k":0,"ix":6},"sa":{"a":0,"k":0,"ix":5},"o":{"a":0,"k":100,"ix":7}}]}],"ind":4}],"id":"comp_0","fr":25},{"nm":"Pre-comp 2","mn":"","layers":[{"ty":4,"nm":"Group 1","mn":"","sr":1,"st":0,"op":250,"ip":0,"hd":false,"cl":"","ln":"","ddd":0,"bm":0,"hasMask":false,"ao":0,"ks":{"a":{"a":0,"k":[649.786,656.817,0],"ix":1},"s":{"a":1,"k":[{"o":{"x":0.333,"y":0},"i":{"x":0.667,"y":1},"s":[100,0,100],"t":34},{"o":{"x":0.167,"y":0.167},"i":{"x":0.833,"y":0.833},"s":[100,100,100],"t":46.5}],"ix":6},"sk":{"a":0,"k":0},"p":{"a":0,"k":[649.786,656.817,0],"ix":2},"r":{"a":0,"k":0,"ix":10},"sa":{"a":0,"k":0},"o":{"a":0,"k":100,"ix":11}},"ef":[],"shapes":[{"ty":"gr","bm":0,"cl":"","ln":"","hd":false,"mn":"ADBE Vector Group","nm":"Group 1","ix":1,"cix":2,"np":2,"it":[{"ty":"sh","bm":0,"cl":"","ln":"","hd":false,"mn":"ADBE Vector Shape - Group","nm":"Path 1","ix":1,"d":1,"ks":{"a":0,"k":{"c":true,"i":[[0,0],[0,0],[0,0],[0,0]],"o":[[0,0],[0,0],[0,0],[0,0]],"v":[[14.555,-46.757],[-14.555,-46.757],[-14.555,46.757],[14.555,46.757]]},"ix":2}},{"ty":"gf","bm":0,"cl":"","ln":"","hd":false,"mn":"ADBE Vector Graphic - G-Fill","nm":"Gradient Fill 1","e":{"a":0,"k":[-97.673,-97.526],"ix":6},"g":{"p":3,"k":{"a":0,"k":[0,0.011764705882352941,0.7294117647058823,0.9764705882352941,0.5,0.4117647058823529,0.5647058823529412,0.9764705882352941,1,0.807843137254902,0.4,0.9764705882352941,3],"ix":9}},"t":1,"a":{"a":0,"k":0},"h":{"a":0,"k":0},"s":{"a":0,"k":[42.793,42.94],"ix":5},"r":1,"o":{"a":0,"k":100,"ix":10}},{"ty":"tr","a":{"a":0,"k":[0,0],"ix":1},"s":{"a":0,"k":[100,100],"ix":3},"sk":{"a":0,"k":0,"ix":4},"p":{"a":0,"k":[649.786,610.06],"ix":2},"r":{"a":0,"k":0,"ix":6},"sa":{"a":0,"k":0,"ix":5},"o":{"a":0,"k":100,"ix":7}}]}],"ind":1},{"ty":4,"nm":"Group 2","mn":"","sr":1,"st":0,"op":250,"ip":0,"hd":false,"cl":"","ln":"","ddd":0,"bm":0,"hasMask":false,"ao":0,"ks":{"a":{"a":0,"k":[607.814,656.817,0],"ix":1},"s":{"a":1,"k":[{"o":{"x":0.333,"y":0},"i":{"x":0.667,"y":1},"s":[100,0,100],"t":28},{"o":{"x":0.167,"y":0.167},"i":{"x":0.833,"y":0.833},"s":[100,100,100],"t":40.5}],"ix":6},"sk":{"a":0,"k":0},"p":{"a":0,"k":[607.814,656.817,0],"ix":2},"r":{"a":0,"k":0,"ix":10},"sa":{"a":0,"k":0},"o":{"a":0,"k":100,"ix":11}},"ef":[],"shapes":[{"ty":"gr","bm":0,"cl":"","ln":"","hd":false,"mn":"ADBE Vector Group","nm":"Group 2","ix":1,"cix":2,"np":2,"it":[{"ty":"sh","bm":0,"cl":"","ln":"","hd":false,"mn":"ADBE Vector Shape - Group","nm":"Path 1","ix":1,"d":1,"ks":{"a":0,"k":{"c":true,"i":[[0,0],[0,0],[0,0],[0,0]],"o":[[0,0],[0,0],[0,0],[0,0]],"v":[[14.555,-37.439],[-14.555,-37.439],[-14.555,37.439],[14.555,37.439]]},"ix":2}},{"ty":"gf","bm":0,"cl":"","ln":"","hd":false,"mn":"ADBE Vector Graphic - G-Fill","nm":"Gradient Fill 1","e":{"a":0,"k":[-81.701,-81.844],"ix":6},"g":{"p":3,"k":{"a":0,"k":[0,0.011764705882352941,0.7294117647058823,0.9764705882352941,0.5,0.4117647058823529,0.5647058823529412,0.9764705882352941,1,0.807843137254902,0.4,0.9764705882352941,3],"ix":9}},"t":1,"a":{"a":0,"k":0},"h":{"a":0,"k":0},"s":{"a":0,"k":[58.765,58.621],"ix":5},"r":1,"o":{"a":0,"k":100,"ix":10}},{"ty":"tr","a":{"a":0,"k":[0,0],"ix":1},"s":{"a":0,"k":[100,100],"ix":3},"sk":{"a":0,"k":0,"ix":4},"p":{"a":0,"k":[607.814,619.379],"ix":2},"r":{"a":0,"k":0,"ix":6},"sa":{"a":0,"k":0,"ix":5},"o":{"a":0,"k":100,"ix":7}}]}],"ind":2},{"ty":4,"nm":"Group 3","mn":"","sr":1,"st":0,"op":250,"ip":0,"hd":false,"cl":"","ln":"","ddd":0,"bm":0,"hasMask":false,"ao":0,"ks":{"a":{"a":0,"k":[565.23,656.817,0],"ix":1},"s":{"a":1,"k":[{"o":{"x":0.333,"y":0},"i":{"x":0.667,"y":1},"s":[100,0,100],"t":22},{"o":{"x":0.167,"y":0.167},"i":{"x":0.833,"y":0.833},"s":[100,100,100],"t":34.5}],"ix":6},"sk":{"a":0,"k":0},"p":{"a":0,"k":[565.229,656.817,0],"ix":2},"r":{"a":0,"k":0,"ix":10},"sa":{"a":0,"k":0},"o":{"a":0,"k":100,"ix":11}},"ef":[],"shapes":[{"ty":"gr","bm":0,"cl":"","ln":"","hd":false,"mn":"ADBE Vector Group","nm":"Group 3","ix":1,"cix":2,"np":2,"it":[{"ty":"sh","bm":0,"cl":"","ln":"","hd":false,"mn":"ADBE Vector Shape - Group","nm":"Path 1","ix":1,"d":1,"ks":{"a":0,"k":{"c":true,"i":[[0,0],[0,0],[0,0],[0,0]],"o":[[0,0],[0,0],[0,0],[0,0]],"v":[[14.555,-29.194],[-14.555,-29.194],[-14.555,29.194],[14.555,29.194]]},"ix":2}},{"ty":"gf","bm":0,"cl":"","ln":"","hd":false,"mn":"ADBE Vector Graphic - G-Fill","nm":"Gradient Fill 1","e":{"a":0,"k":[-64.117,-64.089],"ix":6},"g":{"p":3,"k":{"a":0,"k":[0,0.011764705882352941,0.7294117647058823,0.9764705882352941,0.5,0.4117647058823529,0.5647058823529412,0.9764705882352941,1,0.807843137254902,0.4,0.9764705882352941,3],"ix":9}},"t":1,"a":{"a":0,"k":0},"h":{"a":0,"k":0},"s":{"a":0,"k":[76.349,76.376],"ix":5},"r":1,"o":{"a":0,"k":100,"ix":10}},{"ty":"tr","a":{"a":0,"k":[0,0],"ix":1},"s":{"a":0,"k":[100,100],"ix":3},"sk":{"a":0,"k":0,"ix":4},"p":{"a":0,"k":[565.23,627.624],"ix":2},"r":{"a":0,"k":0,"ix":6},"sa":{"a":0,"k":0,"ix":5},"o":{"a":0,"k":100,"ix":7}}]}],"ind":3},{"ty":4,"nm":"Group 4","mn":"","sr":1,"st":0,"op":250,"ip":0,"hd":false,"cl":"","ln":"","ddd":0,"bm":0,"hasMask":false,"ao":0,"ks":{"a":{"a":0,"k":[524.177,656.817,0],"ix":1},"s":{"a":1,"k":[{"o":{"x":0.333,"y":0},"i":{"x":0.667,"y":1},"s":[100,0,100],"t":16},{"o":{"x":0.167,"y":0.167},"i":{"x":0.833,"y":0.833},"s":[100,100,100],"t":28.5}],"ix":6},"sk":{"a":0,"k":0},"p":{"a":0,"k":[524.177,656.817,0],"ix":2},"r":{"a":0,"k":0,"ix":10},"sa":{"a":0,"k":0},"o":{"a":0,"k":100,"ix":11}},"ef":[],"shapes":[{"ty":"gr","bm":0,"cl":"","ln":"","hd":false,"mn":"ADBE Vector Group","nm":"Group 4","ix":1,"cix":2,"np":2,"it":[{"ty":"sh","bm":0,"cl":"","ln":"","hd":false,"mn":"ADBE Vector Shape - Group","nm":"Path 1","ix":1,"d":1,"ks":{"a":0,"k":{"c":true,"i":[[0,0],[0,0],[0,0],[0,0]],"o":[[0,0],[0,0],[0,0],[0,0]],"v":[[14.555,-21.403],[-14.555,-21.403],[-14.555,21.403],[14.555,21.403]]},"ix":2}},{"ty":"gf","bm":0,"cl":"","ln":"","hd":false,"mn":"ADBE Vector Graphic - G-Fill","nm":"Gradient Fill 1","e":{"a":0,"k":[-48.064,-47.88],"ix":6},"g":{"p":3,"k":{"a":0,"k":[0,0.011764705882352941,0.7294117647058823,0.9764705882352941,0.5,0.4117647058823529,0.5647058823529412,0.9764705882352941,1,0.807843137254902,0.4,0.9764705882352941,3],"ix":9}},"t":1,"a":{"a":0,"k":0},"h":{"a":0,"k":0},"s":{"a":0,"k":[92.402,92.586],"ix":5},"r":1,"o":{"a":0,"k":100,"ix":10}},{"ty":"tr","a":{"a":0,"k":[0,0],"ix":1},"s":{"a":0,"k":[100,100],"ix":3},"sk":{"a":0,"k":0,"ix":4},"p":{"a":0,"k":[524.177,635.414],"ix":2},"r":{"a":0,"k":0,"ix":6},"sa":{"a":0,"k":0,"ix":5},"o":{"a":0,"k":100,"ix":7}}]}],"ind":4}],"id":"comp_1","fr":25}]}